PN,18 13 17.96,-32 19 43.0,,,,,,-84.0,,,,,PNG 000.0-06.8,PK 359-06.1,H 1-62,
PN,17 35 35.31,-27 24 03.3,,,,,,,,0.15,,,PNG 000.1+02.6,Al 2-J,
PN,17 29 23.58,-26 26 02.2,,,,,,+54.0,,,,,PNG 000.1+04.3,PK 000+04.2,H 1-16,
PN,16 43 49.29,-18 56 33.0,,,,,,-44.0,,0.07,,,PNG 000.1+17.2,PK 000+17.1,PC 12,
PN,17 50 24.14,-29 25 17.9,,,,,,+20.0,,0.05,,,PNG 000.1-01.1,PK 000-01.1,M 3-43,
PN,17 55 21.22,-29 58 02.3,,,,,,,,0.15,,,PNG 000.1-02.3,PK 000-02.2,Bl 3-10,
PN,18 08 24.85,-31 37 24.3,,,,,,,,0.20,,,PNG 000.1-05.6,PK 000-05.1,H 2-40,
PN,17 53 45.84,-29 43 46.2,,,,,,-45.0,,0.13,,,PNG 000.2-01.9,PK 000-01.5,M 2-19,
PN,18 04 44.14,-31 02 50.3,,,,,,,,0.10,,,PNG 000.2-04.6,Wray 16-363,
PN,17 20 22.15,-24 51 53.0,,,,,,-46.0,,0.18,,,PNG 000.3+06.9,Trz 41,
PN,17 01 33.52,-21 49 33.1,,,,,,-33.1,,0.13,,,IC 4634,PNG 000.3+12.2,PK 000+12.1,
PN,17 57 41.63,-30 02 02.1,,,,,,-16.0,,,,,PNG 000.3-02.8,PK 000-02.5,M 3-47,
PN,18 05 01.81,-30 58 15.1,,,,,,-17.0,,0.07,,,PNG 000.3-04.6,PK 000-04.1,M 2-28,
PN,17 54 25.25,-29 36 09.4,,,,,,+75.0,,0.10,,,PNG 000.4-01.9,PK 000-01.6,M 2-20,
PN,17 58 19.40,-30 00 41.3,,,,,,+158.0,,0.08,,,PNG 000.4-02.9,PK 000-02.6,M 3-19,
PN,17 53 24.86,-29 17 06.7,,,,,,-67.0,,,,,PNG 000.5-01.6,Al 2-Q,
PN,17 59 15.66,-30 02 48.2,,,,,,-51.0,,0.13,,,PNG 000.5-03.1,KFL  1,
PN,17 52 34.88,-29 06 33.4,,,,,,,,0.05,,,PNG 000.6-01.3,PK 000-01.2,Bl 3-15,
PN,17 56 24.11,-29 38 04.7,,,,,,+145.0,,,,,PNG 000.6-02.3,PK 000-02.3,H 2-32,
PN,17 34 54.67,-26 35 57.5,,,,,,-200.0,,0.08,,,PNG 000.7+03.2,PK 000+03.1,He 2-250,
PN,17 29 25.90,-25 49 23.0,,,,,,,,0.03,,,PNG 000.7+04.7,PK 000+04.1,H 2-11,
PN,17 58 09.68,-29 44 21.0,,,,,,-138.5,,0.12,,,PNG 000.7-02.7,PK 000-02.4,M 2-21,
PN,18 02 18.66,-30 14 20.9,,,,,,-54.0,,0.12,,,PNG 000.7-03.7,PK 000-03.1,M 3-22,
PN,18 17 36.79,-31 56 35.1,,,,,,-21.0,,0.08,,,PNG 000.7-07.4,PK 000-07.1,M 2-35,
PN,17 53 50.71,-28 59 21.8,,,,,,,,,,,PNG 000.8-01.5,PK 000-01.3,Bl O,
PN,18 18 37.23,-31 54 51.7,,,,,,,,0.07,,,PNG 000.8-07.6,PK 000-07.2,H 2-46,
PN,17 56 01.72,-29 11 17.3,,,,,,+270.0,,0.08,,,PNG 000.9-02.0,PK 000-02.1,Bl 3-13,
PN,18 07 05.18,-30 34 12.0,,,,,,-156.0,,0.18,,,PNG 000.9-04.8,PK 000-04.2,M 3-23,
PN,17 40 28.02,-27 00 47.1,,,,,,,,0.62,,,PNG 001.0+01.9,PK 001+01.1,K 1- 4,
PN,17 58 25.28,-29 20 49.9,,,,,,,,0.08,,,PNG 001.0-02.6,Sa 3-104,
PN,17 54 51.85,-28 48 55.4,,,,,,,,0.10,,,PNG 001.1-01.6,Sa 3- 92,
PN,17 40 16.21,-26 44 21.0,,,,,,-172.0,,0.07,,,PNG 001.2+02.1,PK 001+02.1,He 2-262,
PN,18 00 37.61,-29 21 50.5,,,,,,+109.2,,,,,PNG 001.2-03.0,PK 001-03.1,H 1-47,
PN,18 03 54.07,-29 51 25.9,,,,,,,,0.07,,,PNG 001.2-03.9,ShWi 2-5,
PN,17 53 46.90,-28 27 16.1,,,,,,,,0.07,,,PNG 001.3-01.2,PK 001-01.1,Bl M,
PN,17 28 37.32,-24 51 05.4,,,,,,+36.0,,0.08,,,PNG 001.4+05.3,PK 001+05.2,H 1-15,
PN,18 02 27.39,-29 25 08.2,,,,,,-117.0,,0.22,,,PNG 001.4-03.4,ShWi 2-1,
PN,18 16 12.22,-30 52 07.5,,,,,,-18.6,,,,,PNG 001.5-06.7,PK 001-06.2,SwSt 1,
PN,17 54 34.54,-28 12 42.6,,,,,,,,0.07,,,PNG 001.6-01.3,PK 001-01.2,Bl Q,
PN,17 28 03.70,-24 25 19.8,,,,,,+34.0,,0.10,,,PNG 001.7+05.7,PK 001+05.1,H 1-14,
PN,17 56 02.58,-28 14 12.2,,,,,,,,,,,PNG 001.7-01.6,PK 001-01.3,H 2-31,
PN,18 07 14.50,-29 41 24.0,,,,,,-52.0,,,,,PNG 001.7-04.4,PK 001-04.1,H 1-55,
PN,18 07 53.78,-29 44 34.9,,,,,,-106.0,,0.05,,,PNG 001.7-04.6,PK 001-04.2,H 1-56,
PN,18 05 04.25,-29 19 26.8,,,,,,,,0.20,,,PNG 001.8-03.8,ShWi 2-7,
PN,17 58 21.61,-28 14 50.1,,,,,,+4.0,,0.10,,,PNG 002.0-02.0,PK 002-02.1,H 1-45,
PN,18 15 06.44,-30 15 33.0,,,,,,-112.0,,0.08,,,PNG 002.0-06.2,PK 002-06.1,M 2-33,
PN,18 45 51.01,-33 20 39.9,,,,,,+18.9,,0.12,,,IC 4776,PNG 002.0-13.4,PK 002-13.1,
PN,17 37 51.17,-25 20 44.4,,,,,,,,,,,PNG 002.1+03.3,PBOZ 24,
PN,17 59 19.28,-28 13 47.9,,,,,,+55.0,,0.10,,,PNG 002.1-02.2,PK 002-02.2,M 3-20,
PN,18 07 07.18,-29 12 55.8,,,,,,-116.0,,0.07,,,PNG 002.1-04.2,PK 002-04.1,H 1-54,
PN,17 48 45.59,-26 43 30.6,,,,,,,,0.47,,,PNG 002.2+00.5,Te 2337,
PN,18 00 59.75,-28 16 18.5,,,,,,-101.0,,0.08,,,PNG 002.2-02.5,KFL  2,
PN,18 01 42.59,-28 25 45.4,,,,,,+224.1,,0.13,,,PNG 002.2-02.7,PK 002-02.4,M 2-23,
PN,18 16 18.52,-30 07 35.7,,,,,,-1.0,,0.12,,,PNG 002.2-06.3,PK 002-06.2,H 1-63,
PN,18 29 11.59,-31 29 59.7,,,,,,-29.7,,0.12,,,PNG 002.2-09.4,PK 002-09.1,Cn 1-5,
PN,17 42 30.03,-25 45 28.7,,,,,,,,0.13,,,PNG 002.3+02.2,Te    5,
PN,18 04 28.19,-28 37 41.4,,,,,,,,0.07,,,PNG 002.3-03.4,PK 002-03.2,H 2-37,
PN,18 22 34.48,-30 43 29.4,,,,,,-82.0,,0.23,,,PNG 002.3-07.8,PK 002-07.1,M 2-41,
PN,17 29 20.71,-23 45 32.2,,,,,1.750E+03,-101.0,,0.63,,,NGC 6369,PNG 002.4+05.8,PK 002+05.1,
PN,18 04 04.54,-28 27 55.1,,,,,,,,0.20,,,PNG 002.4-03.2,Wray 17-107,
PN,18 06 05.86,-28 40 34.3,,,,,,-70.0,,,,,PNG 002.4-03.7,PK 002-03.5,M 1-38,
PN,17 58 31.17,-27 37 05.3,,,,,,,,0.08,,,PNG 002.5-01.7,PK 002-01.1,Pe 2-11,
PN,18 13 00.46,-29 25 12.1,,,,,,+107.0,,0.28,,,PNG 002.5-05.4,KFL 14,
PN,17 43 39.43,-25 36 44.9,,,,,,,,0.18,,,PNG 002.6+02.1,Te 1580,
PN,17 35 58.47,-24 26 21.5,,,,,,,,0.17,,,PNG 002.6+04.2,PK 002+04.1,Th 3-27,
PN,17 21 18.69,-22 18 54.9,,,,,,+2.0,,0.10,,,PNG 002.6+08.1,PK 002+08.1,H 1-11,
PN,18 05 25.79,-28 22 04.1,,,,,,+241.0,,,,,PNG 002.6-03.4,PK 002-03.3,M 1-37,
PN,18 11 04.70,-28 59 00.5,,,,,,-92.0,,0.15,,,PNG 002.7-04.8,PK 002-04.2,M 1-42,
PN,21 59 31.66,-39 22 36.4,,,,,,-23.0,,1.88,,,IC 5148,PNG 002.7-52.4,PK 002-52.1,
PN,17 45 41.28,-25 37 51.3,,,,,,,,0.05,,,PNG 002.8+01.7,PK 002+01.1,H 2-20,
PN,17 45 28.29,-25 38 13.3,,,,,,,,0.17,,,PNG 002.8+01.8,Te 1567,
PN,18 01 09.71,-27 38 25.8,,,,,,,,0.08,,,PNG 002.8-02.2,PK 002-02.3,Pe 2-12,
PN,17 27 53.58,-22 57 19.5,,,,,,,,,,,PNG 002.9+06.5,PM 1-149,
PN,18 08 03.82,-28 23 31.6,,,,,,,,0.05,,,PNG 002.9-03.9,PK 002-03.6,H 2-39,
PN,18 02 51.47,-27 41 02.4,,,,,,+17.0,,0.05,,,PNG 003.0-02.6,KFL 4,
PN,17 41 52.72,-24 42 07.9,,,,,,-62.6,,0.10,,,PNG 003.1+02.9,PK 003+02.1,Hb  4,
PN,17 40 06.91,-24 25 44.5,,,,,,+87.0,,0.05,,,PNG 003.1+03.4,PK 003+03.1,H 2-17,
PN,18 10 30.71,-28 19 21.9,,,,,,+124.0,,0.03,,,PNG 003.2-04.4,KFL 12,
PN,18 17 41.89,-29 08 19.6,,,,,,+100.4,,0.13,,,PNG 003.2-06.2,PK 003-06.1,M 2-36,
PN,18 11 35.08,-28 22 37.3,,,,,,+152.0,,0.20,,,PNG 003.3-04.6,PK 003-04.7,Ap 1-12,
PN,18 23 08.91,-29 43 24.9,,,,,,+32.0,,0.12,,,PNG 003.3-07.5,KFL 19,
PN,18 12 47.91,-28 20 01.0,,,,,,-21.0,,0.15,,,PNG 003.4-04.8,PK 003-04.9,H 2-43,
PN,18 03 17.91,-27 06 16.4,,,,,,-15.0,,0.23,,,IC 4673,PNG 003.5-02.4,PK 003-02.3,
PN,18 11 52.78,-28 10 38.0,,,,,1.150E+03,-20.0,,0.22,,,NGC 6565,PNG 003.5-04.6,PK 003-04.5,
PN,17 41 57.60,-24 11 25.5,,,,,,-35.0,,,,,PNG 003.6+03.1,PK 003+03.2,M 2-14,
PN,18 03 11.92,-26 58 30.8,,,,,,-52.0,,0.15,,,PNG 003.6-02.3,PK 003-02.2,M 2-26,
PN,17 24 45.95,-21 33 43.9,,,,,,,,0.07,,,PNG 003.7+07.9,PK 003+07.1,H 2- 8,
PN,18 12 34.07,-27 58 12.9,,,,,,+174.0,,0.15,,,PNG 003.7-04.6,PK 003-04.8,M 2-30,
PN,17 34 26.71,-22 53 20.1,,,,,,-59.0,,0.07,,,PNG 003.8+05.3,PK 003+05.1,H 2-15,
PN,18 11 29.18,-27 46 15.7,,,,,,,,0.10,,,PNG 003.8-04.3,PK 003-04.3,H 1-59,
PN,18 12 23.72,-27 52 13.7,,,,,,,,0.13,,,PNG 003.8-04.5,PK 003-04.4,H 2-41,
PN,19 05 36.30,-33 11 38.9,,,,,,-172.1,,0.08,,,PNG 003.8-17.1,PK 003-17.1,Hb  8,
PN,17 48 28.27,-24 41 28.9,,,,,,,,0.13,,,PNG 003.9+01.6,Te 2111,
PN,18 03 39.26,-26 43 24.8,,,,,,+82.0,,0.07,,,PNG 003.9-02.3,PK 003-02.1,M 1-35,
PN,18 06 49.91,-27 06 18.0,,,,,,-91.0,,0.08,,,PNG 003.9-03.1,KFL  7,
PN,18 55 38.58,-32 15 54.9,,,,,,-65.4,,0.07,,,PNG 003.9-14.9,PK 003-14.1,Hb  7,
PN,18 06 42.34,-26 55 20.5,,,,,,-114.0,,0.05,,,PNG 004.0-03.0,PK 004-03.1,M 2-29,
PN,18 17 42.00,-28 17 18.6,,,,,,,,0.15,,,PNG 004.0-05.8,PK 004-05.3,Pe 1-12,
PN,18 39 25.75,-30 40 36.3,,,,,,+50.3,,0.13,,,PNG 004.0-11.1,PK 004-11.1,M 3-29,
PN,18 10 12.25,-27 16 36.2,,,,,,-63.0,,0.05,,,PNG 004.1-03.8,KFL 11,
PN,18 08 01.41,-26 54 00.7,,,,,,-121.0,,0.10,,,PNG 004.2-03.2,KFL 10,
PN,18 12 24.64,-27 28 54.6,,,,,,,,0.08,,,PNG 004.2-04.3,PK 004-04.1,H 1-60,
PN,18 18 38.66,-28 08 05.4,,,,,,+57.0,,0.12,,,PNG 004.2-05.9,PK 004-05.5,M 2-37,
PN,17 48 36.29,-24 16 35.5,,,,,,,,0.07,,,PNG 004.3+01.8,PK 004+01.1,H 2-24,
PN,18 05 57.02,-26 29 41.8,,,,,,+75.0,,,,,PNG 004.3-02.6,PK 004-02.1,H 1-53,
PN,17 30 35.75,-21 28 50.7,,,,,,,,0.08,,,PNG 004.5+06.8,PK 004+06.1,H 2-12,
PN,17 33 37.68,-21 46 17.6,,,,,,+160.0,,0.13,,,PNG 004.6+06.0,PK 004+06.2,H 1-24,
PN,18 44 13.34,-30 18 26.7,,,,,,,,0.22,,,PNG 004.7-11.8,PK 004-11.2,He 2-418,
PN,17 49 00.51,-23 42 54.7,,,,,,,,0.07,,,PNG 004.8+02.0,PK 004+02.1,H 2-25,
PN,18 16 11.37,-27 14 57.1,,,,,,-9.8,,0.13,,,PNG 004.8-05.0,PK 004-05.1,M 3-26,
PN,19 32 07.23,-34 12 33.5,,,,,,,,,,,PNG 004.8-22.7,PK 004-22.1,He 2-436,
PN,17 38 30.25,-22 08 38.8,,,,,,+25.9,,0.07,,,PNG 004.9+04.9,PK 004+04.1,M 1-25,
PN,18 16 17.31,-27 04 32.6,,,,,,-75.0,,0.05,,,PNG 004.9-04.9,PK 004-04.2,M 1-44,
PN,17 45 36.85,-23 02 26.5,,,,,,,,0.20,,,PNG 005.0+03.0,PK 005+03.1,Pe 1- 9,
PN,17 40 18.01,-22 19 17.6,,,,,,+17.0,,0.08,,,PNG 005.0+04.4,PK 005+04.1,H 1-27,
PN,18 12 23.07,-26 32 54.7,,,,,,,,0.18,,,PNG 005.0-03.9,PK 005-03.2,H 2-42,
PN,18 09 13.35,-26 02 26.5,,,,,,,,0.10,,,PNG 005.1-03.0,PK 005-03.1,H 1-58,
PN,18 32 31.03,-28 43 21.1,,,,,,,,0.30,,,PNG 005.1-08.9,PK 005-08.1,Hf 2-2,
PN,17 41 36.89,-22 13 02.9,,,,,,,,,,,PNG 005.2+04.2,PK 005+04.2,M 3-13,
PN,17 36 23.88,-21 30 49.5,,,,,,+17.8,,0.10,,,PNG 005.2+05.6,PK 005+05.1,M 3-12,
PN,19 14 23.23,-32 34 18.1,,,,,,,,,,,PNG 005.2-18.6,StWr 2-21,
PN,18 05 23.47,-25 12 37.2,,,,,,,,,,,PNG 005.4-01.9,PBOZ 34,
PN,17 48 07.72,-22 46 46.5,,,,,,,,,,,PNG 005.5+02.7,PK 005+02.1,H 1-34,
PN,17 35 21.12,-20 57 18.1,,,,,,+1.0,,0.12,,,PNG 005.5+06.1,PK 005+06.1,M 3-11,
PN,18 07 53.44,-25 24 02.2,,,,,,+128.0,,0.17,,,PNG 005.5-02.5,PK 005-02.1,M 3-24,
PN,18 13 40.48,-26 08 43.0,,,,,,,,0.10,,,PNG 005.5-04.0,PK 005-04.1,H 2-44,
PN,18 16 53.61,-26 23 24.0,,,,,,+17.0,,0.20,,,PNG 005.6-04.7,KFL 16,
PN,18 12 44.90,-25 44 23.0,,,,,,-71.0,,0.23,,,PNG 005.7-03.6,KFL 13,
PN,18 19 25.07,-26 35 19.0,,,,,,-72.3,,0.15,,,PNG 005.7-05.3,PK 005-05.1,M 2-38,
PN,17 39 54.55,-21 14 06.2,,,,,,-56.0,,0.27,,,PNG 005.8+05.1,PK 005+05.2,H 2-16,
PN,18 22 54.17,-26 49 16.8,,,,,,+72.6,,0.13,,,NGC 6620,PNG 005.8-06.1,PK 005-06.1,
PN,18 09 12.47,-25 04 35.5,,,,,,,,0.17,,,PNG 005.9-02.6,MaC 1-10,
PN,17 48 37.04,-22 16 49.3,,,,,,,,,,,PNG 006.0+02.8,PK 006+02.1,Th 4- 3,
PN,17 47 38.19,-22 06 19.6,,,,,,+18.0,,0.23,,,PNG 006.0+03.1,PK 006+03.2,M 1-28,
PN,18 13 16.06,-25 30 05.6,,,,,,+157.3,,0.08,,,PNG 006.0-03.6,PK 006-03.3,M 2-31,
PN,21 05 53.44,-37 08 16.8,,,,,,,,0.13,,,PNG 006.0-41.9,PRMG 1,
PN,17 28 57.55,-19 15 53.8,,,,,,+91.7,,,,,PNG 006.1+08.3,PK 006+08.1,M 1-20,
PN,17 55 55.84,-22 59 01.4,,,,,,,,0.20,,,PNG 006.2+01.0,HaTr  8,
PN,18 14 19.33,-25 20 50.1,,,,,,+123.0,,0.13,,,PNG 006.2-03.7,KFL 15,
PN,17 47 34.37,-21 47 24.9,,,,,,,,0.10,,,PNG 006.3+03.3,PK 006+03.1,H 2-22,
PN,17 43 28.79,-21 09 52.5,,,,,,-116.0,,0.05,,,PNG 006.3+04.4,PK 006+04.1,H 2-18,
PN,17 52 41.38,-22 21 56.5,,,,,,+73.0,,,,,PNG 006.4+02.0,PK 006+02.5,M 1-31,
PN,18 18 13.71,-25 38 11.1,,,,,,,,0.10,,,PNG 006.4-04.6,PK 006-04.1,Pe 2-13,
PN,18 12 33.61,-24 49 59.8,,,,,,+53.0,,,,,PNG 006.5-03.1,PK 006-03.1,H 1-61,
PN,18 09 29.84,-24 12 28.2,,,,,,-4.7,,0.13,,,PNG 006.7-02.2,PK 006-02.1,M 1-41,
PN,17 53 36.66,-21 58 40.5,,,,,,,,0.05,,,PNG 006.8+02.0,PK 006+02.4,Pe 2-10,
PN,17 52 22.48,-21 51 12.9,,,,,,,,,,,PNG 006.8+02.3,PK 006+02.3,Th 4- 7,
PN,17 45 31.64,-20 58 01.8,,,,,,+100.2,,0.07,,,PNG 006.8+04.1,PK 006+04.2,M 3-15,
PN,18 14 28.45,-24 43 33.4,,,,,,,,0.07,,,PNG 006.8-03.4,PK 006-03.2,H 2-45,
PN,18 34 54.58,-27 06 22.7,,,,,,,,0.22,,,PNG 006.8-08.6,Al 1,
PN,19 22 10.54,-31 30 39.9,,,,,,,,,,,PNG 006.8-19.8,Wray 16-423,
PN,17 38 12.40,-19 37 41.6,,,,,,-7.0,,0.10,,,PNG 007.0+06.3,PK 007+06.2,M 1-24,
PN,18 24 56.72,-25 41 53.8,,,,,,+42.0,,0.13,,,PNG 007.0-06.0,PK 007-06.1,H 1-66,
PN,18 27 59.47,-26 06 40.6,,,,,,+115.0,,,,,PNG 007.0-06.8,PK 007-06.2,VY 2- 1,
PN,17 55 07.15,-21 44 37.9,,,,,,+9.2,,0.08,,,PNG 007.2+01.8,PK 007+01.1,Hb  6,
PN,17 46 20.28,-20 13 54.2,,,,,,-108.0,,,,,PNG 007.5+04.3,PK 007+04.1,Th 4- 1,
PN,17 35 10.00,-18 34 18.7,,,,,,+13.2,,0.15,,,PNG 007.5+07.4,PK 007+07.1,M 1-22,
PN,17 37 22.29,-18 46 45.2,,,,,,-65.4,,0.12,,,PNG 007.6+06.9,PK 007+06.1,M 1-23,
PN,18 17 16.38,-23 58 51.2,,,,,,+70.0,,0.13,,,PNG 007.8-03.7,PK 007-03.1,M 2-34,
PN,18 20 08.73,-24 15 05.7,,,,,,+161.0,,0.13,,,PNG 007.8-04.4,PK 007-04.1,H 1-65,
PN,17 26 38.04,-16 48 28.6,,,,,,,,,,,PNG 007.9+10.1,MaC 1- 4,
PN,17 49 15.20,-20 00 34.4,,,,,2.250E+03,+16.2,,0.55,,,NGC 6445,PNG 008.0+03.9,PK 008+03.1,
PN,18 22 01.11,-24 10 39.5,,,,,,+71.0,,0.05,,,PNG 008.1-04.7,PK 008-04.1,M 2-39,
PN,17 38 57.31,-18 17 35.8,,,,,,,,,,,PNG 008.2+06.8,PK 008+06.1,He 2-260,
PN,18 22 31.68,-24 09 28.3,,,,,,+157.0,,0.05,,,PNG 008.2-04.8,PK 008-04.2,M 2-42,
PN,18 08 25.29,-22 16 52.8,,,,,,-32.0,,0.08,,,PNG 008.3-01.1,PK 008-01.1,M 1-40,
PN,18 32 34.69,-25 07 43.9,,,,,,+193.9,,0.03,,,NGC 6644,PNG 008.3-07.3,PK 008-07.2,
PN,18 18 23.59,-23 24 52.3,,,,,,+84.0,,0.12,,,PNG 008.4-03.6,PK 008-03.1,H 1-64,
PN,18 14 50.77,-22 43 54.7,,,,,,,,,,,PNG 008.6-02.6,MaC 1-11,
PN,18 31 53.30,-24 46 17.6,,,,,,,,0.05,,,PNG 008.6-07.0,PK 008-07.1,He 2-406,
PN,17 46 09.22,-18 39 36.9,,,,,,+44.0,,0.32,,,PNG 008.8+05.2,PK 008+05.1,Th 4- 2,
PN,17 50 28.36,-19 03 12.1,,,,,,-18.0,,0.10,,,PNG 009.0+04.1,PK 009+04.1,Th 4- 5,
PN,17 55 57.33,-19 28 24.1,,,,,,,,,,,PNG 009.3+02.8,PK 009+02.1,Th 4- 9,
PN,17 50 57.20,-18 46 46.0,,,,,,,,,,,PNG 009.3+04.1,PK 009+04.2,Th 4- 6,
PN,18 25 43.41,-23 11 59.3,,,,,1.667E+03,+14.0,,0.25,,,NGC 6629,PNG 009.4-05.0,PK 009-05.1,
PN,18 44 42.86,-25 21 34.3,,,,,,+46.0,,0.10,,,PNG 009.4-09.8,PK 009-09.1,M 3-32,
PN,17 29 03.69,-15 13 21.1,,,,,,,,0.30,,,PNG 009.6+10.5,PK 009+10.1,A 41,
PN,17 14 03.57,-12 54 36.6,,,,,,-47.6,,0.25,,,NGC 6309,PNG 009.6+14.8,PK 009+14.1,Box Nebula,
PN,18 48 11.94,-25 28 49.4,,,,,,+173.9,,0.08,,,PNG 009.6-10.6,PK 009-10.1,M 3-33,
PN,18 25 04.38,-22 34 53.1,,,,,,-13.0,,0.08,,,PNG 009.8-04.6,PK 009-04.1,H 1-67,
PN,18 36 23.34,-23 55 20.1,,,,,,-32.0,,0.13,,,PNG 009.8-07.5,GJJC 1,
PN,18 05 13.32,-19 50 13.6,,,,,1.950E+03,-16.0,,0.17,,,NGC 6537,PNG 010.1+00.7,PK 010+00.1,
PN,17 52 04.49,-17 36 15.0,,,,,,-21.0,,0.10,,,PNG 010.4+04.5,PK 010+04.1,M 2-17,
PN,17 57 06.56,-18 06 43.0,,,,,,+29.3,,,,,PNG 010.6+03.2,PK 010+03.1,Th 4-10,
PN,17 42 02.71,-15 56 12.7,,,,,,,,0.17,,,PNG 010.7+07.4,Sa 2-230,
PN,18 33 54.54,-22 38 39.8,,,,,,-145.4,,0.07,,,IC 4732,PNG 010.7-06.4,PK 010-06.1,
PN,18 34 51.43,-22 43 22.7,,,,,,,,0.12,,,PNG 010.7-06.7,PK 010-06.2,Pe 1-13,
PN,17 05 37.78,-10 08 32.4,,,,,,+88.0,,0.28,,,PNG 010.8+18.0,PK 010+18.2,M 2- 9,
PN,18 16 17.19,-20 26 59.3,,,,,1.967E+03,+4.5,,0.13,,,NGC 6578,PNG 010.8-01.8,PK 010-01.1,
PN,17 48 19.75,-16 28 44.4,,,,,1.150E+03,-93.8,,0.08,,,NGC 6439,PNG 011.0+05.8,PK 011+05.1,
PN,17 46 54.19,-16 17 23.5,,,,,,+3.7,,0.08,,,PNG 011.0+06.2,PK 011+06.1,M 2-15,
PN,18 29 11.24,-21 46 53.2,,,,,,-72.2,,0.07,,,PNG 011.0-05.1,PK 011-05.1,M 1-47,
PN,17 44 41.50,-15 45 13.2,,,,,,,,,,,PNG 011.1+07.0,Sa 2-237,
PN,17 28 34.12,-13 26 20.5,,,,,,+85.8,,,,,PNG 011.1+11.5,PK 011+11.1,M 2-13,
PN,18 00 09.01,-17 40 29.7,,,,,,,,,,,PNG 011.3+02.8,PK 011+02.1,Th 4-11,
PN,18 46 34.17,-23 26 50.2,,,,,,-21.0,,0.03,,,PNG 011.3-09.4,PK 011-09.1,H 2-48,
PN,18 11 48.40,-18 46 02.8,,,,,,,,0.08,,,PNG 011.7-00.0,PK 011-00.1,M 1-43,
PN,18 13 44.99,-19 04 19.3,,,,,1.363E+03,+119.3,,0.12,,,NGC 6567,PNG 011.7-00.6,PK 011-00.2,
PN,18 36 34.18,-21 48 57.2,,,,,,-22.0,,,,,PNG 011.7-06.6,PK 011-06.1,M 1-55,
PN,17 56 19.48,-16 29 01.4,,,,,,-72.8,,0.12,,,PNG 011.9+04.2,PK 011+04.1,M 1-32,
PN,17 54 20.77,-15 55 51.0,,,,,,,,0.07,,,PNG 012.2+04.9,PM 1-188,
PN,18 50 25.90,-22 34 21.7,,,,,,+34.0,,0.05,,,PNG 012.5-09.8,PK 012-09.1,M 1-62,
PN,18 23 08.01,-19 17 06.4,,,,,,+126.0,,,,,PNG 012.6-02.7,PK 012-02.1,M 1-45,
PN,18 29 59.45,-19 40 37.6,,,,,,,,0.08,,,PNG 013.0-04.3,PK 013-04.1,Pe 2-14,
PN,17 58 58.29,-15 32 16.8,,,,,,-37.3,,0.07,,,PNG 013.1+04.1,PK 013+04.1,M 1-33,
PN,16 21 04.38,-00 16 11.0,,,,,,-87.0,,0.10,,,PNG 013.3+32.7,PK 013+32.1,Sn 1,
PN,18 29 29.70,-19 05 44.8,,,,,,+140.0,,0.07,,,PNG 013.4-03.9,PK 013-03.1,M 1-48,
PN,18 55 30.58,-21 49 39.0,,,,,,,,0.25,,,PNG 013.7-10.6,Y-C 2-32,
PN,18 26 03.08,-18 12 05.7,,,,,,,,1.83,,,PNG 013.8-02.8,SaWe 3,
PN,18 45 35.38,-20 35 00.3,,,,,,,,0.22,,,PNG 013.8-07.9,PK 013-07.1,PC 21,
PN,18 36 31.60,-19 19 27.3,,,,,,,,,,,PNG 014.0-05.5,V-V 3-5,
PN,18 01 07.00,-14 30 19.3,,,,,,,,0.10,,,PNG 014.2+04.2,Sa 3-111,
PN,18 44 01.54,-19 54 55.0,,,,,,-88.6,,0.12,,,PNG 014.2-07.3,PK 014-07.1,M 3-31,
PN,18 37 11.05,-19 02 22.0,,,,,,,,,,,PNG 014.3-05.5,V-V 3-6,
PN,18 33 20.79,-18 16 30.0,,,,,,+27.1,,0.08,,,PNG 014.6-04.3,PK 014-04.1,M 1-50,
PN,19 02 15.99,-21 26 51.3,,,,,,,,1.42,,,PNG 014.7-11.8,SaWe 4,
PN,19 58 13.15,-26 28 15.5,,,,,,,,0.77,,,PNG 014.8-25.6,HDW 12,
PN,17 54 24.89,-12 48 17.6,,,,,,,,0.40,,,PNG 014.9+06.4,PK 014+06.1,K 2- 5,
PN,18 29 11.29,-17 27 13.0,,,,,,,,0.22,,,PNG 014.9-03.1,SaSt 3-166,
PN,18 35 48.20,-17 36 08.3,,,,,,+63.0,,0.10,,,PNG 015.4-04.5,PK 015-04.1,M 1-53,
PN,18 30 11.20,-16 45 26.6,,,,,,+44.0,,0.88,,,PNG 015.6-03.0,PK 015-03.1,A 44,
PN,18 07 30.73,-13 28 51.3,,,,,,+128.0,,,,,PNG 015.9+03.3,PK 015+03.1,M 1-39,
PN,17 31 31.38,-08 19 10.1,,,,,,,,1.00,,,PNG 016.0+13.5,PK 016+13.1,A 42,
PN,18 36 08.34,-16 59 58.9,,,,,,-40.6,,0.22,,,PNG 016.0-04.3,PK 016-04.1,M 1-54,
PN,18 37 46.24,-17 05 46.8,,,,,,+88.0,,,,,PNG 016.1-04.7,PK 016-04.2,M 1-56,
PN,18 27 56.70,-15 32 57.3,,,,,,+30.0,,0.18,,,PNG 016.4-01.9,PK 016-01.1,M 1-46,
PN,18 29 19.67,-15 07 40.3,,,,,,,,,,,PNG 016.9-02.0,Sa 3-134,
PN,19 46 33.69,-23 08 12.5,,,,,,+13.0,,1.67,,,PNG 017.3-21.9,PK 017-21.1,A 65,
PN,19 01 01.00,-18 12 15.5,,,,,,+23.0,,1.12,,,PNG 017.6-10.2,PK 017-10.1,A 51,
PN,18 33 58.31,-14 52 26.2,,,,,,+133.0,,0.10,,,PNG 017.7-02.9,PK 017-02.1,M 1-52,
PN,18 41 15.07,-15 33 46.7,,,,,,+71.0,,0.28,,,PNG 017.9-04.8,PK 017-04.1,M 3-30,
PN,17 12 51.21,-03 15 57.3,,,,,,+22.0,,0.08,,,PNG 018.0+20.1,PK 018+20.1,Na 1,
PN,18 33 03.70,-13 44 20.0,,,,,,+157.0,,,,,PNG 018.6-02.2,PK 018-02.1,M 3-54,
PN,18 12 09.53,-10 42 58.8,,,,,,+28.0,,,,,PNG 018.9+03.6,PK 018+03.1,M 4- 8,
PN,18 10 26.08,-10 29 08.4,,,,,,-16.0,,0.18,,,PNG 018.9+04.1,PK 018+04.1,M 3-52,
PN,18 34 13.78,-13 12 24.7,,,,,,+50.0,,,,,PNG 019.2-02.2,PK 019-02.1,M 4-10,
PN,18 45 55.06,-14 27 37.7,,,,,,+40.8,,,,,PNG 019.4-05.3,PK 019-05.1,M 1-61,
PN,19 17 04.54,-18 01 34.3,,,,,,,,0.53,,,PNG 019.4-13.6,DeHt 3,
PN,19 40 32.41,-20 27 00.1,,,,,,,,2.33,,,PNG 019.4-19.6,PK 019-19.1,K 2- 7,
PN,18 15 16.69,-10 10 11.3,,,,,,+174.5,,0.05,,,PNG 019.7+03.2,PK 019+03.1,M 3-25,
PN,18 43 38.07,-13 44 48.7,,,,,,+76.0,,,,,PNG 019.7-04.5,PK 019-04.1,M 1-60,
PN,18 07 02.22,-08 55 59.2,,,,,,,,0.05,,,PNG 019.8+05.6,CTS 1,
PN,19 57 31.74,-21 36 36.9,,,,,,,,4.45,,,PNG 019.8-23.7,PK 019-23.1,A 66,
PN,18 24 07.79,-11 06 44.7,,,,,,+35.0,,0.07,,,PNG 019.9+00.9,PK 019+00.1,M 3-53,
PN,18 30 17.36,-11 36 54.0,,,,,,,,4.75,,,PNG 020.2-00.6,PK 020-00.1,A 45,
PN,18 50 44.24,-13 31 02.4,,,,,,,,0.13,,,PNG 020.7-05.9,Sa 1-8,
PN,18 33 28.75,-11 07 22.1,,,,,,+3.0,,0.15,,,PNG 020.9-01.1,PK 021-01.1,M 1-51,
PN,18 51 30.62,-13 10 36.6,,,,,,+25.5,,0.07,,,PNG 021.1-05.9,PK 021-05.1,M 1-63,
PN,18 44 07.36,-12 12 58.2,,,,,,,,0.28,,,PNG 021.2-03.9,We 1-  7,
PN,18 33 14.61,-10 15 07.1,,,,,,+26.0,,0.12,,,PNG 021.7-00.6,PK 021-00.2,M 3-55,
PN,18 32 41.13,-10 05 48.5,,,,,,+21.0,,0.15,,,PNG 021.8-00.4,PK 021-00.1,M 3-28,
PN,18 42 56.96,-11 06 53.2,,,,,,+60.0,,0.10,,,PNG 022.0-03.1,PK 022-03.1,M 1-58,
PN,18 40 20.14,-10 39 47.5,,,,,,+92.4,,0.13,,,PNG 022.1-02.4,PK 022-02.1,M 1-57,
PN,18 28 35.02,-08 43 24.2,,,,,,,,0.28,,,PNG 022.5+01.0,MaC 1-13,
PN,18 15 12.86,-06 57 11.4,,,,,,,,0.17,,,PNG 022.5+04.8,MA  2,
PN,18 17 48.68,-06 48 24.1,,,,,,,,,,,PNG 023.0+04.3,MA  3,
PN,19 01 21.25,-11 58 23.8,,,,,,,,0.17,,,PNG 023.3-07.6,MaC 1-16,
PN,18 41 07.27,-08 55 59.2,,,,,,,,,,,PNG 023.8-01.7,PK 023-01.2,K 3-11,
PN,18 30 30.42,-07 27 40.8,,,,,,,,,,,PNG 023.9+01.2,MA 13,
PN,18 43 20.14,-09 04 49.1,,,,,1.225E+03,+99.0,,0.07,,,PNG 023.9-02.3,PK 023-02.1,M 1-59,
PN,18 21 23.76,-06 01 58.4,,,,,,+89.0,,0.08,,,PNG 024.1+03.8,PK 024+03.1,M 2-40,
PN,18 14 18.55,-04 59 21.3,,,,,,-21.0,,0.73,,,PNG 024.2+05.9,PK 024+05.1,M 4- 9,
PN,18 54 17.32,-10 05 10.7,,,,,,+19.0,,0.35,,,PNG 024.2-05.2,PK 024-05.1,M 4-11,
PN,18 47 48.29,-09 09 08.3,,,,,,,,0.08,,,PNG 024.3-03.3,PK 024-03.1,Pe 1-17,
PN,18 46 34.50,-08 28 01.6,,,,,,+83.0,,0.07,,,PNG 024.8-02.7,PK 024-02.1,M 2-46,
PN,19 19 17.44,-12 14 51.9,,,,,,,,1.23,,,PNG 025.0-11.6,PK 025-11.1,A 60,
PN,16 11 44.25,+12 04 27.4,,,,,8.500E+02,+22.0,,0.22,,,IC 4593,PNG 025.3+40.8,PK 025+40.1,
PN,18 54 20.03,-08 53 32.4,,,,,,,,,,,PNG 025.3-04.6,PK 025-04.1,K 4- 8,
PN,18 54 36.45,-08 49 49.3,,,,,,-36.0,,1.50,,,IC 1295,PNG 025.4-04.7,PK 025-04.2,
PN,19 43 57.97,-14 09 07.3,,,,,2.200E+03,-13.0,,0.33,,,NGC 6818,PNG 025.8-17.9,PK 025-17.1,Little Gem,
PN,18 42 05.45,-06 41 02.7,,,,,,,,0.07,,,PNG 025.9-00.9,PK 025-00.1,Pe 1-14,
PN,18 46 24.55,-07 14 34.1,,,,,,,,0.08,,,PNG 025.9-02.1,PK 025-02.1,Pe 1-15,
PN,19 18 19.25,-11 06 11.8,,,,,,,,0.27,,,PNG 025.9-10.9,PK 026-11.1,Na 2,
PN,18 45 27.51,-06 56 57.9,,,,,,,,0.05,,,PNG 026.0-01.8,PK 026-01.2,Pe 2-15,
PN,18 47 32.27,-06 53 56.4,,,,,,,,0.12,,,PNG 026.3-02.2,PK 026-02.1,Pe 1-16,
PN,18 50 44.79,-07 01 31.6,,,,,,,,0.07,,,PNG 026.5-03.0,PK 026-02.3,Pe 1-19,
PN,18 45 35.10,-06 18 29.7,,,,,,,,0.33,,,PNG 026.6-01.5,PK 026-01.1,K 4- 5,
PN,18 48 46.55,-05 56 04.0,,,,,,,,0.10,,,PNG 027.3-02.1,PK 027-02.1,Pe 1-18,
PN,18 53 29.15,-06 29 13.9,,,,,,,,0.58,,,PNG 027.3-03.4,PK 027-03.1,A 49,
PN,18 54 01.84,-06 26 20.3,,,,,,+110.0,,,,,PNG 027.4-03.5,PK 027-03.2,Vy 1- 4,
PN,18 26 39.97,-02 42 57.7,,,,,,+95.0,,,,,PNG 027.6+04.2,PK 027+04.1,M 2-43,
PN,17 41 40.58,+03 07 01.5,,,,,,,,1.57,,,PNG 027.6+16.9,DeHt 2,
PN,19 16 28.16,-09 02 36.6,,,,,,+151.0,,0.03,,,IC 4846,PNG 027.6-09.6,PK 027-09.1,
PN,18 39 21.73,-04 19 50.4,,,,,,,,0.10,,,PNG 027.7+00.7,PK 027+00.1,M 2-45,
PN,18 06 00.68,+00 22 36.7,,,,,,,,0.60,,,PNG 028.0+10.2,WeSb 3,
PN,18 57 17.16,-05 59 40.8,,,,,,,,0.10,,,PNG 028.2-04.0,PK 028-04.1,Pe 1-20,
PN,18 37 36.31,-03 05 57.9,,,,,,+106.0,,0.12,,,PNG 028.5+01.6,PK 028+01.1,M 2-44,
PN,18 25 00.49,-01 30 53.0,,,,,,+42.0,,,,,PNG 028.5+05.1,PK 028+05.1,K 3- 2,
PN,18 34 13.56,-02 27 37.5,,,,,,,,,,,PNG 028.7+02.7,PK 028+02.1,K 3- 7,
PN,18 57 49.95,-05 27 37.4,,,,,,,,0.13,,,PNG 028.7-03.9,PK 028-03.1,Pe 1-21,
PN,18 42 49.44,-03 12 59.4,,,,,,,,0.67,,,PNG 029.0+00.4,PK 029+00.1,A 48,
PN,18 44 53.38,-03 20 33.6,,,,,,-55.0,,0.08,,,PNG 029.2-00.0,TDC 1,
PN,19 05 55.50,-05 59 28.3,,,,,1.450E+03,-38.5,,0.33,,,NGC 6751,PNG 029.2-05.9,PK 029-05.1,
PN,19 13 55.69,-06 18 50.8,,,,,,,,0.23,,,PNG 029.8-07.8,LSA 1,
PN,18 24 58.43,+00 51 38.5,,,,,,,,6.67,,,PNG 030.6+06.2,Sh 2- 68,
PN,18 35 22.00,-00 13 31.5,,,,,,,,0.27,,,PNG 030.8+03.4,PK 030+03.1,A 47,
PN,18 33 17.41,+00 11 46.4,,,,,,,,,,,PNG 031.0+04.1,PK 030+04.1,K 3- 6,
PN,19 27 01.65,-06 34 54.0,,,,,,+37.0,,0.08,,,PNG 031.0-10.8,PK 031-10.1,M 3-34,
PN,18 27 09.40,+01 14 30.0,,,,,,,,0.15,,,PNG 031.2+05.9,PK 031+05.1,K 3- 3,
PN,18 50 24.65,-01 40 08.9,,,,,,,,0.42,,,PNG 031.3-00.5,HaTr 10,
PN,18 43 03.36,-00 16 35.3,,,,,,,,,,,PNG 031.7+01.7,PK 031+01.1,PC 20,
PN,18 50 40.15,-01 03 13.7,,,,,,,,0.50,,,PNG 031.9-00.3,WeSb 4,
PN,19 00 34.24,-02 11 56.7,,,,,,,,0.07,,,PNG 032.0-03.0,PK 032-03.1,K 3-18,
PN,18 24 44.45,+02 29 27.5,,,,,,+20.0,,0.23,,,PNG 032.1+07.0,PK 032+07.2,PC 19,
PN,19 02 09.90,-01 48 39.9,,,,,,,,,,,PNG 032.5-03.2,PK 032-03.2,K 3-20,
PN,18 31 00.43,+02 25 35.7,,,,,,,,0.18,,,PNG 032.7+05.6,PK 032+05.1,K 3- 4,
PN,18 58 26.18,-01 03 45.7,,,,,,+42.6,,,,,PNG 032.7-02.0,PK 032-02.1,M 1-66,
PN,18 23 21.64,+03 36 28.2,,,,,,,,,,,PNG 032.9+07.8,PK 032+07.1,K 3- 1,
PN,19 01 36.54,-01 19 07.8,,,,,,,,,,,PNG 032.9-02.8,PK 032-02.2,K 3-19,
PN,19 10 30.38,-02 21 01.9,,,,,,,,1.03,,,PNG 033.0-05.3,PK 033-05.1,A 55,
PN,19 14 28.36,-02 42 26.4,,,,,1.267E+03,,,1.07,,,NGC 6772,PNG 033.1-06.3,PK 033-06.1,
PN,18 58 51.38,-00 32 56.9,,,,,,,,,,,PNG 033.2-01.9,Sa 3-151,
PN,19 02 36.26,-00 26 47.0,,,,,1.650E+03,+41.3,,0.13,,,NGC 6741,PNG 033.8-02.6,PK 033-02.1,
PN,18 45 24.49,+02 01 23.3,,,,,,,,,,,PNG 034.0+02.2,PK 034+02.1,K 3-13,
PN,19 31 06.97,-03 42 24.3,,,,,,,,0.78,,,PNG 034.1-10.5,HDW 11,
PN,18 31 45.81,+04 05 12.1,,,,,,,,0.15,,,PNG 034.3+06.2,PK 034+06.1,K 3- 5,
PN,19 18 24.93,-01 35 53.1,,,,,1.000E+03,+91.0,,0.25,,,NGC 6778,PNG 034.5-06.7,PK 034-06.1,
PN,18 12 07.40,+06 51 24.7,,,,,8.567E+02,-8.5,,0.17,,,NGC 6572,PNG 034.6+11.8,PK 034+11.1,
PN,18 58 07.93,+01 37 06.1,,,,,,,,0.53,,,PNG 035.1-00.7,PK 035-00.1,Ap 2-1,
PN,19 14 39.51,+00 13 37.4,,,,,,,,0.17,,,PNG 035.7-05.0,PK 035-05.1,K 3-26,
PN,19 01 00.03,+02 09 23.3,,,,,,+24.7,,1.67,,,PNG 035.9-01.1,PK 036-01.1,Sh 2- 71,
PN,17 53 32.29,+10 37 19.6,,,,,,-42.0,,1.33,,,PNG 036.0+17.6,PK 036+17.1,A 43,
PN,22 29 38.69,-20 50 15.0,,,,,1.900E+02,-28.2,,16.33,,,C 63,NGC 7293,PNG 036.1-57.1,PK 036-57.1,Helix Nebula,
PN,19 02 59.24,+03 02 20.7,,,,,,,,0.20,,,PNG 036.9-01.1,HaTr 11,
PN,19 08 02.03,+02 21 23.9,,,,,,,,0.35,,,PNG 036.9-02.6,HaTr 13,
PN,19 18 20.31,+01 46 50.7,,,,,,,,0.67,,,PNG 037.5-05.1,PK 037-05.1,A 58,
PN,21 04 10.78,-11 21 56.7,,,,,9.640E+02,-44.0,,0.47,,,C 55,NGC 7009,PNG 037.7-34.5,PK 037-34.1,Saturn Nebula,
PN,19 22 56.89,+01 30 46.6,,,,,1.250E+03,+40.4,,0.12,,,NGC 6790,PNG 037.8-06.3,PK 037-06.1,
PN,19 13 06.57,+02 52 49.1,,,,,,,,3.02,,,PNG 037.9-03.4,PK 037-03.2,A 56,
PN,20 31 33.08,-07 05 21.1,,,,,,-79.0,,0.70,,,PNG 038.1-25.4,PK 038-25.1,A 70,
PN,18 17 32.49,+10 09 13.5,,,,,,+4.0,,0.07,,,PNG 038.2+12.0,PK 038+12.1,Cn 3-1,
PN,19 13 22.57,+03 25 03.2,,,,,,,,,,,PNG 038.4-03.3,PK 038-03.1,K 4-19,
PN,18 54 56.77,+06 02 40.8,,,,,,,,5.07,,,PNG 038.7+01.9,PK 038+02.1,YM 16,
PN,19 13 53.74,+03 37 45.4,,,,,,+7.0,,,,,PNG 038.7-03.3,PK 038-03.2,M 1-69,
PN,19 13 34.42,+04 38 06.1,,,,,,+36.0,,0.10,,,PNG 039.5-02.7,PK 039-02.1,M 2-47,
PN,18 56 18.15,+07 07 22.6,,,,,,,,0.23,,,PNG 039.8+02.1,PK 039+02.1,K 3-17,
PN,19 06 45.77,+06 23 55.7,,,,,,,,0.52,,,PNG 040.3-00.4,PK 040-00.1,A 53,
PN,19 16 27.63,+05 13 19.4,,,,,,,,,,,PNG 040.4-03.1,PK 040-03.1,K 3-30,
PN,19 09 13.41,+07 05 43.1,,,,,,,,0.30,,,PNG 041.2-00.6,HaTr 14,
PN,18 51 41.47,+09 54 52.4,,,,,,,,,,,PNG 041.8+04.4,PK 041+04.1,K 3-15,
PN,19 18 28.24,+06 32 23.5,,,,,1.567E+03,+4.3,,1.80,,,NGC 6781,PNG 041.8-02.9,PK 041-02.1,
PN,18 48 32.74,+10 35 50.9,,,,,,,,,,,PNG 042.0+05.4,PK 042+05.1,K 3-14,
PN,20 00 39.64,+01 43 51.8,,,,,,-11.0,,0.47,,,NGC 6852,PNG 042.5-14.5,PK 042-14.1,
PN,19 34 33.46,+05 41 02.4,,,,,,-67.7,,0.03,,,NGC 6807,PNG 042.9-06.9,PK 042-06.1,
PN,19 21 01.07,+07 36 59.0,,,,,,+48.0,,0.12,,,PNG 043.0-03.0,PK 043-03.1,M 4-14,
PN,18 56 33.20,+10 52 13.8,,,,,,+20.0,,0.05,,,PNG 043.1+03.8,PK 043+03.1,M 1-65,
PN,16 44 29.32,+23 47 48.4,,,,,,-36.2,,0.27,,,NGC 6210,PNG 043.1+37.7,PK 043+37.1,
PN,19 02 18.06,+10 17 24.1,,,,,,,,0.23,,,PNG 043.3+02.2,PM 1-276,
PN,18 27 48.19,+14 29 07.4,,,,,,-6.0,,0.02,,,PNG 043.3+11.6,PK 043+11.1,M 3-27,
PN,19 58 29.19,+03 02 22.6,,,,,,,,1.12,,,PNG 043.5-13.4,PK 043-13.1,A 67,
PN,18 53 01.60,+12 16 01.9,,,,,,,,0.13,,,PNG 044.0+05.2,PK 044+05.1,K 3-16,
PN,18 50 44.15,+12 36 35.1,,,,,,,,,,,PNG 044.1+05.8,CTSS 2,
PN,18 34 02.44,+14 49 18.4,,,,,,,,2.25,,,PNG 044.3+10.4,We 3-  1,
PN,19 32 38.81,+07 27 58.3,,,,,,,,0.20,,,PNG 044.3-05.6,PK 044-05.1,K 3-36,
PN,19 24 21.87,+09 53 54.8,,,,,,-71.4,,0.23,,,PNG 045.4-02.7,PK 045-02.1,Vy 2- 2,
PN,19 09 26.47,+12 00 48.2,,,,,,,,,,,PNG 045.6+01.5,PK 045+01.1,K 3-22,
PN,17 42 37.04,+21 26 50.4,,,,,,,,0.78,,,PNG 045.6+24.3,PK 045+24.1,K 1-14,
PN,19 31 35.75,+09 13 38.1,,,,,1.525E+03,-12.0,,0.58,,,NGC 6804,PNG 045.7-04.5,PK 045-04.1,
PN,19 22 26.60,+10 41 21.4,,,,,,,,,,,PNG 045.9-01.9,PK 045-01.1,K 3-33,
PN,19 27 44.72,+10 24 20.6,,,,,,,,0.20,,,PNG 046.3-03.1,PK 046-03.1,PB  9,
PN,19 31 16.33,+10 03 23.9,,,,,1.900E+03,+13.1,,0.08,,,NGC 6803,PNG 046.4-04.1,PK 046-04.1,
PN,19 06 23.08,+13 44 41.4,,,,,,,,0.17,,,PNG 046.8+02.9,CTSS 4,
PN,19 03 07.57,+14 06 57.8,,,,,,,,10.00,,,PNG 046.8+03.8,CTSS 3,
PN,16 27 33.35,+27 54 34.6,,,,,,,,2.90,,,PNG 047.0+42.4,PK 047+42.1,A 39,
PN,19 02 40.22,+14 28 51.8,,,,,,,,0.12,,,PNG 047.1+04.1,PK 047+04.1,K 3-21,
PN,19 33 18.25,+10 37 01.1,,,,,,,,2.68,,,PNG 047.1-04.2,PK 047-04.1,A 62,
PN,19 28 14.37,+12 19 36.8,,,,,,,,0.17,,,PNG 048.0-02.3,PK 048-02.1,PB 10,
PN,19 15 30.48,+14 03 49.9,,,,,,,,,,,PNG 048.1+01.1,PK 048+01.2,K 3-29,
PN,19 04 51.34,+15 47 36.0,,,,,,,,,,,PNG 048.5+04.2,PK 048+04.2,K 4-16,
PN,19 13 37.96,+14 59 29.8,,,,,,+14.0,,0.07,,,PNG 048.7+01.9,PK 048+01.1,He 2-429,
PN,19 12 06.04,+15 09 01.4,,,,,,,,0.10,,,PNG 048.7+02.3,PK 048+02.1,K 3-24,
PN,19 26 26.38,+13 19 42.4,,,,,,,,0.67,,,PNG 048.7-01.5,DeHt 4,
PN,12 59 27.57,+27 38 14.0,,,,,,-141.0,,0.03,,,PNG 049.3+88.1,PK 049+88.1,H 4- 1,
PN,19 13 05.31,+15 46 41.5,,,,,,,,0.15,,,PNG 049.4+02.4,PK 049+02.1,He 2-428,
PN,19 11 31.17,+16 51 32.0,,,,,,,,1.35,,,PNG 050.1+03.3,PK 050+03.1,M 1-67,
PN,19 04 32.14,+17 57 09.9,,,,,,,,0.62,,,PNG 050.4+05.2,PK 050+05.1,A 52,
PN,19 30 16.58,+14 47 21.7,,,,,,,,,,,PNG 050.4-01.6,PK 050-01.1,K 4-28,
PN,19 14 59.94,+17 22 47.5,,,,,,,,,,,PNG 051.0+02.8,WhMe 1,
PN,19 14 04.63,+17 31 33.7,,,,,,,,,,,PNG 051.0+03.0,PK 051+03.1,He 2-430,
PN,19 42 03.09,+13 50 39.1,,,,,,,,0.33,,,PNG 051.0-04.5,PK 051-04.1,PC 22,
PN,19 19 18.29,+17 11 49.3,,,,,,-13.0,,0.33,,,PNG 051.3+01.8,PM 1-295,
PN,18 49 47.49,+20 50 39.3,,,,,1.000E+03,+14.0,,0.03,,,PNG 051.4+09.6,PK 051+09.1,Hu 2-1,
PN,19 03 37.16,+19 21 23.1,,,,,,,,0.75,,,PNG 051.5+06.1,PK 051+06.1,K 1-17,
PN,17 44 57.05,+27 20 06.9,,,,,,,,0.72,,,PNG 051.9+25.8,PK 051+25.1,K 1-15,
PN,19 41 09.02,+14 56 53.6,,,,,,+6.9,,0.08,,,PNG 051.9-03.8,PK 051-03.1,M 1-73,
PN,18 59 03.12,+20 37 02.8,,,,,,,,0.50,,,PNG 052.2+07.6,PK 052+07.1,K 4-10,
PN,19 42 18.73,+15 09 05.2,,,,,,+10.0,,,,,PNG 052.2-04.0,PK 052-04.1,M 1-74,
PN,19 39 09.91,+15 56 49.7,,,,,,-6.0,,,,,PNG 052.5-02.9,PK 052-02.2,Me 1-1,
PN,19 19 02.58,+19 02 21.1,,,,,,,,,,,PNG 052.9+02.7,PK 052+02.1,K 3-31,
PN,19 39 18.36,+16 21 17.1,,,,,,,,,,,PNG 052.9-02.7,PK 052-02.1,K 3-41,
PN,19 35 18.20,+17 13 02.4,,,,,,,,0.07,,,PNG 053.2-01.5,PK 053-01.1,K 3-38,
PN,19 18 40.88,+19 33 55.8,,,,,,,,1.45,,,PNG 053.3+03.0,PK 053+03.1,A 59,
PN,17 54 22.90,+28 00 00.1,,,,,,-101.9,,0.07,,,PNG 053.3+24.0,PK 053+24.1,Vy 1- 2,
PN,19 42 10.41,+17 05 07.7,,,,,,,,0.67,,,PNG 053.8-03.0,PK 053-03.1,A 63,
PN,20 15 09.24,+12 42 07.1,,,,,1.767E+03,+42.4,,0.25,,,NGC 6891,PNG 054.1-12.1,PK 054-12.1,
PN,19 41 33.89,+17 45 17.5,,,,,,,,,,,PNG 054.4-02.5,PK 054-02.1,M 1-72,
PN,19 40 25.12,+18 49 18.8,,,,,,,,0.03,,,PNG 055.1-01.8,PK 055-01.1,K 3-43,
PN,19 23 24.73,+21 08 00.5,,,,,,,,0.08,,,PNG 055.2+02.8,PK 055+02.1,He 2-432,
PN,19 23 46.74,+21 06 39.9,,,,,,,,0.08,,,PNG 055.3+02.7,PK 055+02.2,He 1-  1,
PN,19 08 39.26,+22 58 51.4,,,,,,,,0.93,,,PNG 055.3+06.6,PK 055+06.1,A 54,
PN,18 31 18.79,+26 56 17.2,,,,,,,,1.05,,,PNG 055.4+16.0,PK 055+16.1,A 46,
PN,19 36 26.49,+19 42 30.0,,,,,,+50.6,,0.05,,,PNG 055.5-00.5,PK 055-00.1,M 1-71,
PN,19 26 37.70,+21 09 35.5,,,,,,,,0.08,,,PNG 055.6+02.1,PK 055+02.3,He 1-  2,
PN,19 27 43.95,+21 30 03.5,,,,,,,,,,,PNG 056.0+02.0,PK 056+02.1,K 3-35,
PN,19 39 35.71,+20 19 02.0,,,,,,,,0.05,,,PNG 056.4-00.9,PK 056-00.1,K 3-42,
PN,20 02 36.09,+17 36 49.7,,,,,,,,0.25,,,PNG 056.8-06.9,PK 056-06.1,K 3-51,
PN,20 10 26.52,+16 55 19.9,,,,,,+9.0,,0.08,,,NGC 6879,PNG 057.2-08.9,PK 057-08.1,
PN,19 45 22.09,+21 20 03.9,,,,,,,,0.08,,,PNG 057.9-01.5,PK 057-01.1,He 2-447,
PN,20 20 08.70,+16 43 53.3,,,,,,-66.2,,0.02,,,IC 4997,PNG 058.3-10.9,PK 058-10.1,
PN,19 17 03.48,+25 37 26.4,,,,,,,,0.62,,,PNG 058.6+06.1,PK 058+06.1,A 57,
PN,20 01 41.97,+19 54 41.4,,,,,,+34.0,,2.50,,,PNG 058.6-05.5,WeSb 5,
PN,19 36 21.76,+23 39 47.7,,,,,,,,,,,PNG 058.9+01.3,PK 058+01.1,K 3-40,
PN,19 24 02.73,+25 18 49.1,,,,,,,,0.15,,,PNG 059.0+04.6,PK 059+04.1,K 3-34,
PN,19 48 25.00,+22 10 00.4,,,,,,,,0.13,,,PNG 059.0-01.7,PK 059-01.1,He 1-  3,
PN,19 33 46.66,+24 32 27.0,,,,,,,,,,,PNG 059.4+02.3,PK 059+02.1,K 3-37,
PN,20 50 01.97,+13 33 28.4,,,,,,-58.6,,2.12,,,PNG 059.7-18.7,PK 059-18.1,A 72,
PN,19 35 54.36,+24 54 50.3,,,,,,,,,,,PNG 059.9+02.0,PK 059+02.2,K 3-39,
PN,20 00 10.70,+21 42 57.7,,,,,,,,0.63,,,PNG 060.0-04.3,PK 060-04.1,A 68,
PN,20 12 42.79,+19 59 22.4,,,,,1.817E+03,-35.8,,0.08,,,NGC 6886,PNG 060.1-07.7,PK 060-07.2,
PN,20 11 55.86,+20 20 05.5,,,,,2.000E+03,+39.1,,0.48,,,PNG 060.3-07.3,PK 060-07.1,He 1-  5,
PN,19 38 52.21,+25 05 30.9,,,,,,,,,,,PNG 060.4+01.5,PM 1-310,
PN,19 38 08.29,+25 15 40.9,,,,,,,,0.05,,,PNG 060.5+01.8,PK 060+01.1,He 2-440,
PN,19 46 15.59,+24 11 07.1,,,,,,,,0.10,,,PNG 060.5-00.3,PK 060-00.1,K 3-45,
PN,19 59 36.08,+22 43 00.5,,,,,2.850E+02,-41.8,,6.70,,,M 27,NGC 6853,PNG 060.8-03.6,PK 060-03.1,Dumbbell Nebula,
PN,19 14 30.00,+28 40 43.0,,,,,,,,0.27,,,PNG 061.0+08.0,PK 061+08.1,K 3-27,
PN,19 32 57.51,+26 52 44.3,,,,,,,,0.12,,,PNG 061.3+03.6,PK 061+03.1,He 2-437,
PN,20 22 22.35,+20 06 18.3,,,,,1.000E+03,-8.4,,0.67,,,NGC 6905,PNG 061.4-09.5,PK 061-09.1,Blue Flash Nebula,
PN,19 39 39.50,+26 30 58.1,,,,,,+55.0,,,,,PNG 061.8+02.1,PK 061+02.1,He 2-442,
PN,16 40 18.08,+38 42 20.0,,,,,,,,,,,PNG 061.9+41.3,DdDm 1,
PN,19 11 07.18,+30 32 54.0,,,,,,-72.0,,0.67,,,NGC 6765,PNG 062.4+09.5,PK 062+09.1,
PN,19 50 28.08,+25 54 21.6,,,,,,,,0.13,,,PNG 062.4-00.2,PK 062-00.1,M 2-48,
PN,18 53 35.67,+33 01 40.3,,,,,3.950E+02,-19.2,,1.27,,,M 57,NGC 6720,PNG 063.1+13.9,PK 063+13.1,Ring Nebula,
PN,20 04 58.56,+25 26 37.1,,,,,,,,,,,PNG 063.8-03.3,PK 063-03.1,K 3-54,
PN,16 04 26.81,+40 40 56.5,,,,,,+2.7,,0.38,,,NGC 6058,PNG 064.6+48.2,PK 064+48.1,
PN,19 34 45.17,+30 30 58.7,,,,,5.850E+02,-31.4,,0.12,,,PNG 064.7+05.0,PK 064+05.1,BD+30 3639,
PN,18 50 01.64,+35 14 35.2,,,,,,-25.0,,0.28,,,PNG 064.9+15.5,PK 064+15.1,M 1-64,
PN,20 03 22.37,+27 00 54.9,,,,,,,,,,,PNG 064.9-02.1,PK 064-02.1,K 3-53,
PN,21 29 59.36,+12 10 26.5,,,,,1.155E+04,-140.6,,0.02,,,PNG 065.0-27.3,PK 065-27.1,Ps 1,
PN,20 09 04.42,+26 26 53.2,,,,,,,,0.40,,,PNG 065.1-03.5,We 1-  9,
PN,20 17 21.47,+25 21 43.5,,,,,,-22.0,,0.30,,,PNG 065.2-05.6,PK 065-05.1,He 1-  6,
PN,19 55 02.27,+29 17 21.3,,,,,2.300E+03,-5.0,,0.95,,,NGC 6842,PNG 065.9+00.5,PK 065+00.1,
PN,21 36 52.87,+12 47 18.0,,,,,1.070E+03,-87.4,,1.57,,,NGC 7094,PNG 066.7-28.2,PK 066-28.1,
PN,19 51 00.54,+31 02 30.9,,,,,,,,0.20,,,PNG 066.9+02.2,PK 066+02.1,K 4-37,
PN,20 19 38.00,+27 00 13.8,,,,,,,,0.08,,,PNG 066.9-05.2,PK 066-05.1,PC 24,
PN,20 03 11.37,+30 32 34.2,,,,,,,,,,,PNG 067.9-00.2,PK 067-00.1,K 3-52,
PN,20 13 57.81,+29 33 56.0,,,,,,,,,,,PNG 068.3-02.7,PK 068-02.1,He 2-459,
PN,19 59 17.61,+31 55 17.7,,,,,,+11.6,,0.37,,,PNG 068.6+01.1,PK 068+01.2,He 1-  4,
PN,19 56 33.94,+32 22 12.9,,,,,,,,,,,PNG 068.7+01.9,PK 068+01.1,K 4-41,
PN,19 51 52.63,+32 59 18.0,,,,,,,,0.08,,,PNG 068.7+03.0,PK 068+03.1,PC 23,
PN,19 00 27.59,+38 21 20.7,,,,,,,,,,,PNG 068.7+14.8,Sp 4-1,
PN,20 04 43.85,+31 27 26.2,,,,,,-9.0,,0.23,,,PNG 068.8-00.0,PK 068-00.1,M 1-75,
PN,19 54 00.35,+33 22 00.4,,,,,,,,,,,PNG 069.2+02.8,PK 069+02.1,K 3-49,
PN,19 50 00.11,+33 45 55.1,,,,,,,,0.38,,,PNG 069.2+03.8,PK 069+03.1,K 3-46,
PN,20 16 23.85,+30 33 54.2,,,,,1.498E+03,-58.0,,0.67,,,NGC 6894,PNG 069.4-02.6,PK 069-02.1,
PN,20 21 58.32,+29 59 24.3,,,,,,,,0.12,,,PNG 069.6-03.9,PK 069-03.1,K 3-58,
PN,20 06 56.13,+32 16 33.4,,,,,,,,0.08,,,PNG 069.7-00.0,PK 069+00.1,K 3-55,
PN,20 21 03.69,+32 29 24.3,,,,,,-176.3,,,,,PNG 071.6-02.3,PK 071-02.1,M 3-35,
PN,20 12 47.57,+34 20 32.6,,,,,,,,,,,PNG 072.1+00.1,PK 072+00.1,K 3-57,
PN,21 16 52.29,+24 08 51.3,,,,,,+18.0,,13.83,,,PNG 072.7-17.1,PK 072-17.1,A 74,
PN,20 25 07.11,+33 34 12.1,,,,,,,,0.07,,,PNG 073.0-02.4,K 3-76,
PN,20 10 52.36,+37 24 42.6,,,,,3.200E+03,-14.4,,0.07,,,NGC 6881,PNG 074.5+02.1,PK 074+02.1,
PN,20 04 22.44,+39 34 34.3,,,,,,,,0.47,,,PNG 075.6+04.3,PK 075+04.1,Anon. 20h02m,
PN,17 13 47.69,+49 15 36.6,,,,,,,,0.22,,,PNG 075.7+35.8,Sa 4-  1,
PN,20 19 56.32,+38 24 31.3,,,,,,,,0.37,,,PNG 076.3+01.1,PK 076+01.1,A 69,
PN,20 17 15.09,+38 50 15.7,,,,,,,,,,,PNG 076.4+01.8,KjPn 3,
PN,20 12 09.32,+40 50 15.2,,,,,,,,0.08,,,PNG 077.5+03.7,KjPn 1,
PN,19 19 10.09,+46 14 36.3,,,,,,-48.0,,3.33,,,PNG 077.6+14.7,PK 077+14.1,A 61,
PN,20 15 16.02,+40 40 32.6,,,,,,,,0.05,,,PNG 077.7+03.1,KjPn 2,
PN,20 42 15.51,+37 40 30.6,,,,,,,,0.33,,,PNG 078.3-02.7,K 4-53,
PN,18 59 20.83,+48 28 13.8,,,,,,-159.0,,0.45,,,PNG 078.5+18.7,PK 078+18.1,A 50,
PN,20 08 43.11,+42 30 08.6,,,,,,,,0.33,,,PNG 078.6+05.2,Dd 1,
PN,20 29 18.73,+40 15 22.6,,,,,,,,0.12,,,PNG 078.9+00.7,Sd 1,
PN,20 09 01.88,+43 43 45.8,,,,,,-26.0,,0.25,,,PNG 079.6+05.8,PK 079+05.1,M 4-17,
PN,20 06 55.40,+44 14 21.0,,,,,,,,0.07,,,PNG 079.9+06.4,PK 079+06.1,K 3-56,
PN,21 35 29.44,+31 41 44.7,,,,,1.165E+03,+17.0,,1.78,,,PNG 081.2-14.9,PK 081-14.1,A 78,
PN,20 10 23.51,+46 27 39.0,,,,,1.733E+03,-35.6,,0.10,,,NGC 6884,PNG 082.1+07.0,PK 082+07.1,
PN,19 49 46.49,+48 57 40.2,,,,,,-108.8,,0.03,,,NGC 6833,PNG 082.5+11.3,PK 082+11.1,
PN,19 44 48.18,+50 31 29.9,,,,,1.090E+03,-6.2,,0.42,,,C 15,NGC 6826,PNG 083.5+12.7,PK 083+12.1,Blinking Planetary Nebula,
PN,21 22 16.57,+38 07 15.3,,,,,,,,0.17,,,PNG 083.9-08.4,K 3-81,
PN,20 03 58.93,+49 19 09.4,,,,,,,,0.27,,,PNG 084.0+09.5,K 3-73,
PN,20 45 09.91,+44 39 16.5,,,,,,,,0.45,,,PNG 084.2+01.0,K 4-55,
PN,21 07 39.96,+41 10 57.1,,,,,,,,0.08,,,PNG 084.2-04.2,K 3-80,
PN,20 32 23.15,+47 21 03.6,,,,,,,,2.62,,,PNG 084.9+04.4,PK 085+04.1,A 71,
PN,21 07 01.63,+42 14 10.1,,,,,1.447E+03,+8.8,,0.23,,,NGC 7027,PNG 084.9-03.4,PK 084-03.1,
PN,20 31 52.61,+48 52 40.9,,,,,,,,3.17,,,PNG 086.1+05.4,We 1- 10,
PN,21 33 07.97,+39 38 00.7,,,,,1.550E+03,-9.0,,0.13,,,PNG 086.5-08.8,PK 086-08.1,Hu 1-2,
PN,21 18 06.97,+43 48 39.8,,,,,,,,0.58,,,PNG 087.4-03.8,We 2-245,
PN,20 45 22.62,+50 22 40.0,,,,,,,,0.05,,,PNG 088.7+04.6,K 3-78,
PN,21 14 15.13,+46 17 18.7,,,,,1.867E+03,-50.2,,1.02,,,NGC 7048,PNG 088.7-01.6,PK 088-01.1,
PN,21 06 18.45,+47 51 07.3,,,,,1.896E+03,-40.6,,0.33,,,NGC 7026,PNG 089.0+00.3,PK 089+00.1,
PN,21 19 07.51,+46 18 47.7,,,,,2.500E+03,,,0.12,,,PNG 089.3-02.2,PK 089-02.1,M 1-77,
PN,21 14 03.98,+47 44 28.3,,,,,2.000E+03,,,0.58,,,PNG 089.8-00.6,PK 089-00.1,Sh 1- 89,
PN,21 32 30.88,+44 35 47.8,,,,,2.100E+03,-26.1,,0.02,,,IC 5117,PNG 089.8-05.1,PK 089-05.1,
PN,21 10 52.42,+50 47 07.1,,,,,,,,0.42,,,PNG 091.6+01.8,We 1- 11,
PN,21 38 48.85,+46 00 29.6,,,,,,+13.6,,0.13,,,PNG 091.6-04.8,K 3-84,
PN,20 53 13.61,+53 45 43.1,,,,,,,,0.18,,,PNG 092.1+05.8,K 3-79,
PN,21 30 51.42,+50 00 09.1,,,,,1.900E+03,,,0.32,,,PNG 093.3-00.9,K 3-82,
PN,21 37 00.55,+48 56 12.1,,,,,2.000E+03,-24.0,,0.55,,,PNG 093.3-02.4,PK 093-02.1,M 1-79,
PN,21 00 32.67,+54 32 29.1,,,,,1.063E+03,-74.2,,1.43,,,NGC 7008,PNG 093.4+05.4,PK 093+05.2,
PN,21 20 44.85,+51 53 25.5,,,,,,-88.1,,0.10,,,PNG 093.5+01.4,PK 093+01.1,M 1-78,
PN,18 21 50.47,+64 22 04.8,,,,,3.800E+02,,,1.90,,,PNG 094.0+27.4,PK 094+27.1,K 1-16,
PN,21 35 44.05,+50 54 15.9,,,,,,,,0.10,,,PNG 094.5-00.8,K 3-83,
PN,21 43 17.54,+50 25 15.1,,,,,,-134.0,,,,,PNG 095.1-02.0,PK 095-02.1,M 2-49,
PN,21 31 50.10,+52 33 51.7,,,,,,-53.0,,0.05,,,PNG 095.2+00.7,PK 095+00.1,K 3-62,
PN,20 56 26.18,+57 25 56.5,,,,,,,,1.22,,,PNG 095.2+07.8,PK 095+07.1,A 73,
PN,21 30 00.56,+54 27 30.0,,,,,,,,0.10,,,PNG 096.3+02.3,PK 096+02.1,K 3-61,
PN,17 58 33.27,+66 37 58.7,,,,,8.900E+02,-66.1,,0.32,,,C 6,NGC 6543,PNG 096.4+29.9,PK 096+29.1,Cat Eye Nebula,
PN,21 32 10.61,+55 52 45.8,,,,,,-113.4,,0.67,,,PNG 097.5+03.1,PK 097+03.1,A 77,
PN,21 57 41.78,+51 41 40.8,,,,,,-136.0,,0.07,,,PNG 097.6-02.4,PK 097-02.1,M 2-50,
PN,21 39 11.57,+55 46 03.9,,,,,,,,0.12,,,PNG 098.1+02.4,PK 098+02.1,K 3-63,
PN,21 27 26.39,+57 39 06.7,,,,,,,,0.05,,,PNG 098.2+04.9,PK 098+04.1,K 3-60,
PN,22 31 43.63,+47 48 04.2,,,,,,,,,,,PNG 100.0-08.7,PK 100-08.1,Me 2-2,
PN,22 23 55.70,+50 58 00.6,,,,,1.300E+03,,,0.10,,,IC 5217,PNG 100.6-05.4,PK 100-05.1,
PN,21 26 24.06,+62 53 26.8,,,,,,,,0.93,,,PNG 101.8+08.7,PK 101+08.1,A 75,
PN,22 34 45.74,+52 26 04.1,,,,,,,,2.25,,,PNG 102.8-05.0,PK 102-05.1,A 80,
PN,22 26 17.33,+54 49 40.9,,,,,,,,0.90,,,PNG 102.9-02.3,PK 102-02.1,A 79,
PN,22 16 03.26,+57 28 41.2,,,,,,,,0.65,,,PNG 103.2+00.6,PK 103+00.1,M 2-51,
PN,22 20 31.07,+57 36 18.6,,,,,,,,0.23,,,PNG 103.7+00.4,PK 103+00.2,M 2-52,
PN,22 20 16.56,+58 14 17.0,,,,,,,,,,,PNG 104.1+01.0,PK 104+00.1,Bl 2- 1,
PN,21 46 10.16,+63 47 15.6,,,,,1.500E+03,,,1.28,,,NGC 7139,PNG 104.1+07.9,PK 104+07.1,
PN,23 35 53.50,+30 28 02.1,,,,,,,,5.33,,,PNG 104.2-29.6,PK 104-29.1,Jn 1,
PN,22 32 17.68,+56 10 23.1,,,,,,,,0.23,,,PNG 104.4-01.6,PK 104-01.1,M 2-53,
PN,22 51 38.46,+51 50 56.6,,,,,,,,0.07,,,PNG 104.8-06.7,PK 104-06.1,M 2-54,
PN,23 25 53.76,+42 32 06.3,,,,,7.167E+02,,,0.28,,,C 22,NGC 7662,PNG 106.5-17.6,PK 106-17.1,Blue Snowball,
PN,22 48 34.83,+58 29 04.6,,,,,,,,,,,PNG 107.4-00.6,K 4-57,
PN,22 55 06.80,+56 42 31.0,,,,,,,,0.05,,,PNG 107.4-02.6,K 3-87,
PN,23 22 57.92,+46 53 57.3,,,,,,,,0.07,,,PNG 107.6-13.3,PK 107-13.1,Vy 2- 3,
PN,22 13 22.68,+65 53 55.3,,,,,,,,15.00,,,PNG 107.7+07.8,IsWe 2,
PN,22 56 19.63,+57 09 21.5,,,,,,,,0.13,,,PNG 107.7-02.2,PK 107-02.1,M 1-80,
PN,22 40 20.03,+61 17 05.9,,,,,3.007E+03,,,0.38,,,NGC 7354,PNG 107.8+02.3,PK 107+02.1,
PN,00 37 18.14,-13 42 12.2,,,,,,,,0.05,,,PNG 108.4-76.1,BoBn 1,
PN,22 58 51.50,+61 57 42.6,,,,,,,,0.08,,,PNG 110.1+01.9,PM 1-339,
PN,23 39 08.56,+48 12 37.6,,,,,,,,0.55,,,PNG 110.6-12.9,PK 110-12.1,K 1-20,
PN,22 19 33.61,+70 56 01.4,,,,,,,,8.83,,,PNG 111.0+11.6,DeHt 5,
PN,22 47 56.69,+67 02 33.9,,,,,,,,0.10,,,PNG 111.2+07.0,KjPn 6,
PN,23 26 14.77,+58 10 54.9,,,,,,,,0.02,,,PNG 111.8-02.8,PK 111-02.1,Hb 12,
PN,23 12 15.10,+64 39 19.6,,,,,,,,0.08,,,PNG 112.5+03.7,K 3-88,
PN,23 24 20.61,+60 56 59.3,,,,,,,,0.05,,,PNG 112.5-00.1,KjPn 8,
PN,23 47 44.82,+51 23 57.5,,,,,,,,2.00,,,PNG 112.9-10.2,PK 112-10.1,A 84,
PN,23 46 45.79,+54 44 40.2,,,,,,,,0.78,,,PNG 113.6-06.9,PK 113-06.1,A 83,
PN,23 45 47.41,+57 04 00.9,,,,,,,,1.57,,,PNG 114.0-04.6,PK 114-04.1,A 82,
PN,23 31 51.07,+70 22 14.1,,,,,,,,0.65,,,PNG 116.2+08.5,PK 116+08.1,M 2-55,
PN,22 42 35.68,+80 26 45.3,,,,,,,,0.47,,,IC 1454,PNG 117.5+18.9,PK 117+18.1,
PN,00 18 40.60,+53 52 39.3,,,,,,,,0.08,,,PNG 118.0-08.6,PK 118-08.1,Vy 1- 1,
PN,00 01 33.95,+70 42 42.2,,,,,,,,1.05,,,PNG 118.7+08.2,PK 118+08.2,A 86,
PN,00 47 03.79,-11 52 21.8,,,,,5.200E+02,,,4.08,,,NGC 246,PNG 118.8-74.7,PK 118-74.1,
PN,00 19 59.29,+62 59 00.9,,,,,,,,0.30,,,PNG 119.3+00.3,PK 119+00.1,BV 5-1,
PN,00 12 36.28,+69 10 41.0,,,,,,,,0.78,,,PNG 119.4+06.5,PK 119+06.1,A  1,
PN,00 28 15.43,+55 57 55.3,,,,,,,,0.08,,,PNG 119.6-06.7,PK 119-06.1,Hu 1-1,
PN,00 13 00.91,+72 31 19.9,,,,,8.700E+02,,,0.80,,,NGC 40,PNG 120.0+09.8,PK 120+09.1,Bow Tie Nebula,
PN,00 31 53.49,+57 22 33.3,,,,,,,,12.00,,,PNG 120.2-05.3,Sh 2-176,
PN,00 38 53.60,+66 23 40.9,,,,,,,,0.32,,,PNG 121.6+03.5,We 1-  1,
PN,00 40 21.60,+62 51 16.8,,,,,,,,0.67,,,PNG 121.6-00.0,PK 121+00.1,BV 5-2,
PN,00 45 36.05,+57 57 23.7,,,,,,,,0.60,,,PNG 122.1-04.9,PK 122-04.1,A  2,
PN,12 33 06.70,+82 33 49.8,,,,,8.950E+02,,,0.17,,,IC 3568,PNG 123.6+34.5,PK 123+34.1,
PN,01 07 08.03,+73 33 23.8,,,,,,,,4.50,,,PNG 124.0+10.7,EGB 1,
PN,01 00 53.81,+55 03 38.7,,,,,,,,2.50,,,PNG 124.3-07.7,WeSb 1,
PN,00 59 57.44,+15 44 09.6,,,,,,,,4.58,,,PNG 125.9-47.0,PHL 932,
PN,01 24 58.85,+65 38 36.8,,,,,,,,0.15,,,PNG 126.3+02.9,K 3-90,
PN,01 30 39.60,+58 22 00.5,,,,,,,,5.67,,,PNG 128.0-04.1,Simeiz 22,
PN,01 42 38.14,+60 10 06.6,,,,,,,,3.25,,,PNG 129.2-02.0,We 2-  5,
PN,01 58 35.83,+66 34 04.1,,,,,,,,0.17,,,PNG 129.5+04.5,K 3-91,
PN,01 57 35.63,+63 19 19.0,,,,,2.389E+03,,,0.22,,,IC 1747,PNG 130.2+01.3,PK 130+01.1,
PN,01 37 19.33,+50 28 13.0,,,,,,,,0.10,,,PNG 130.3-11.7,PK 130-11.1,M 1- 1,
PN,02 03 40.40,+64 57 36.0,,,,,,,,0.20,,,PNG 130.4+03.1,K 3-92,
PN,01 42 21.40,+51 34 06.9,,,,,1.200E+03,,,1.12,,,NGC 650,PNG 130.9-10.5,PK 130-10.1,Little Dumbbell Nebula,
PN,01 53 02.48,+56 24 22.2,,,,,,,,0.40,,,PNG 131.4-05.4,PK 131-05.1,BV 5-3,
PN,02 12 11.58,+64 09 04.5,,,,,,,,1.00,,,PNG 131.5+02.6,PK 131+02.1,A  3,
PN,02 26 30.30,+65 47 53.5,,,,,,,,0.17,,,PNG 132.4+04.7,K 3-93,
PN,01 58 49.25,+52 53 44.0,,,,,,,,0.30,,,PNG 133.1-08.6,PK 133-08.1,M 1- 2,
PN,02 58 52.93,+64 29 58.5,,,,,,,,3.10,,,PNG 136.1+04.9,PK 136+04.1,A  6,
PN,03 03 48.83,+64 53 28.4,,,,,,,,8.33,,,PNG 136.3+05.5,HFG 1,
PN,03 11 00.48,+62 48 03.5,,,,,,,,5.67,,,PNG 138.1+04.1,HDW  2,
PN,03 10 19.19,+61 19 01.5,,,,,3.755E+03,,,0.58,,,IC 289,PNG 138.8+02.8,PK 138+02.1,
PN,02 52 13.39,+50 35 52.5,,,,,,,,2.12,,,PNG 141.7-07.8,PK 141-07.1,A  5,
PN,03 36 07.93,+60 03 47.3,,,,,,,,0.12,,,PNG 142.1+03.4,K 3-94,
PN,06 29 35.36,+71 04 03.5,,,,,,,,1.85,,,PNG 143.6+23.8,EGB 4,
PN,02 45 25.76,+42 32 35.9,,,,,,,,0.33,,,PNG 144.3-15.5,PK 144-15.1,A  4,
PN,04 07 00.71,+60 55 02.6,,,,,1.533E+03,,,0.87,,,NGC 1501,PNG 144.5+06.5,PK 144+06.1,
PN,04 25 50.80,+60 07 13.0,,,,,,,,0.07,,,PNG 146.7+07.6,PK 146+07.1,M 4-18,
PN,03 41 43.38,+52 17 00.6,,,,,2.300E+03,,,0.07,,,PNG 147.4-02.3,PK 147-02.1,M 1- 4,
PN,04 13 15.02,+56 56 54.1,,,,,,,,0.10,,,PNG 147.8+04.1,PK 147+04.1,M 2- 2,
PN,11 14 46.42,+55 00 59.5,,,,,4.650E+02,,,2.83,,,M 97,NGC 3587,PNG 148.4+57.0,PK 148+57.1,Owl Nebula,
PN,04 20 45.26,+56 18 12.9,,,,,,,,,,,PNG 149.0+04.4,K 4-47,
PN,03 27 15.41,+45 24 19.5,,,,,,,,9.00,,,PNG 149.4-09.2,HDW  3,
PN,03 49 05.89,+50 00 15.2,,,,,,,,13.00,,,PNG 149.7-03.3,IsWe 1,
PN,04 13 27.16,+51 51 01.8,,,,,,,,0.12,,,PNG 151.4+00.5,K 3-64,
PN,06 43 55.25,+61 47 25.0,,,,,,,,1.75,,,PNG 153.7+22.8,PK 153+22.1,A 16,
PN,04 15 54.55,+48 49 40.9,,,,,,,,0.03,,,PNG 153.7-01.4,K 3-65,
PN,03 45 26.66,+37 48 48.1,,,,,,,,0.57,,,PNG 156.9-13.3,HaWe 5,
PN,08 41 34.58,+58 13 54.1,,,,,,,,4.50,,,PNG 158.8+37.1,PK 158+37.1,A 28,
PN,06 19 34.29,+55 36 42.6,,,,,,,,20.00,,,PNG 158.9+17.8,PuWe 1,
PN,03 47 32.91,+35 02 49.2,,,,,,,,0.12,,,IC 351,PNG 159.0-15.1,PK 159-15.1,
PN,04 46 42.71,+44 28 00.5,,,,,,,,1.53,,,PNG 160.5-00.5,We 1-  2,
PN,03 56 21.99,+33 52 30.8,,,,,,,,0.13,,,IC 2003,PNG 161.2-14.8,PK 161-14.1,
PN,04 54 31.49,+42 16 36.8,,,,,,,,1.92,,,PNG 163.1-00.8,We 1-  3,
PN,07 57 52.57,+53 25 18.3,,,,,,,,6.33,,,PNG 164.8+31.1,PK 164+31.1,JnEr 1,
PN,04 39 47.92,+36 45 42.7,,,,,,,,,,,PNG 165.5-06.5,K 3-67,
PN,04 09 17.04,+30 46 34.6,,,,,7.340E+02,,,2.20,,,NGC 1514,PNG 165.5-15.2,PK 165-15.1,
PN,05 56 23.93,+46 06 16.9,,,,,9.225E+02,,,0.13,,,IC 2149,PNG 166.1+10.4,PK 166+10.1,
PN,04 42 53.33,+36 06 52.7,,,,,,,,0.20,,,PNG 166.4-06.5,CRL  618,
PN,05 06 37.86,+39 08 07.6,,,,,,,,1.00,,,PNG 167.0-00.9,PK 167-00.1,A  8,
PN,04 36 37.22,+33 39 30.2,,,,,,,,,,,PNG 167.4-09.1,K 3-66,
PN,06 34 07.38,+44 46 37.6,,,,,,,,0.37,,,NGC 2242,PNG 170.3+15.8,
PN,05 41 22.12,+39 15 08.1,,,,,,,,,,,PNG 170.7+04.6,K 3-69,
PN,03 53 29.66,+19 27 50.9,,,,,,,,0.63,,,PNG 171.3-25.8,PK 171-25.1,Ba 1,
PN,05 42 34.34,+36 09 05.5,,,,,,,,0.33,,,PNG 173.5+03.2,Pu 2,
PN,05 40 52.52,+35 42 34.8,,,,,,,,0.50,,,PNG 173.7+02.7,PP 40,
PN,05 07 08.63,+30 50 02.9,,,,,,,,2.20,,,PNG 173.7-05.8,PK 173-05.1,K 2- 1,
PN,04 37 20.79,+25 02 59.9,,,,,,,,0.33,,,PNG 174.2-14.6,PK 174-14.1,H 3-29,
PN,05 31 35.57,+28 58 40.8,,,,,,,,0.17,,,PNG 178.3-02.5,K 3-68,
PN,05 52 48.37,+28 06 26.3,,,,,,,,1.08,,,PNG 181.5+00.9,Pu 1,
PN,06 16 10.93,+28 22 05.2,,,,,,,,2.25,,,PNG 183.8+05.5,WeSb 2,
PN,05 46 49.99,+24 22 02.7,,,,,,,,0.03,,,PNG 184.0-02.1,PK 184-02.1,M 1- 5,
PN,05 58 45.32,+25 18 44.0,,,,,,,,0.02,,,PNG 184.6+00.6,K 3-70,
PN,06 13 54.95,+26 52 57.0,,,,,,,,0.05,,,PNG 184.8+04.4,K 3-71,
PN,07 25 35.27,+29 29 35.8,,,,,1.070E+03,,,0.73,,,NGC 2371,PNG 189.1+19.8,PK 189+19.1,
PN,06 37 20.94,+24 00 36.0,,,,,,,,0.13,,,PNG 189.8+07.7,PK 189+07.1,M 1- 7,
PN,05 05 34.36,+10 42 21.6,,,,,,,,0.10,,,PNG 190.3-17.7,PK 190-17.1,J 320,
PN,06 40 09.78,+21 24 56.7,,,,,,,,1.27,,,PNG 192.5+07.2,HDW  6,
PN,05 40 44.38,+12 21 17.2,,,,,,,,0.40,,,PNG 193.6-09.5,PK 193-09.1,H 3-75,
PN,06 25 57.23,+17 47 27.4,,,,,1.600E+03,,,0.15,,,PNG 194.2+02.5,PK 194+02.1,J 900,
PN,05 42 06.35,+09 05 18.1,,,,,1.550E+03,,,0.32,,,NGC 2022,PNG 196.6-10.9,PK 196-10.1,
PN,05 31 47.76,+06 56 08.9,,,,,,,,0.57,,,PNG 197.2-14.2,PK 197-14.1,K 1- 7,
PN,05 59 24.73,+10 41 40.6,,,,,,,,15.42,,,PNG 197.4-06.4,WeDe 1,
PN,07 29 10.66,+20 54 36.8,,,,,1.250E+03,,,0.32,,,C 39,NGC 2392,PNG 197.8+17.3,PK 197+17.1,Clown Face Nebula,Eskimo Nebula,
PN,06 11 08.74,+11 46 47.4,,,,,,,,0.55,,,PNG 197.8-03.3,PK 197-03.1,A 14,
PN,06 02 22.78,+09 39 02.6,,,,,,,,0.62,,,PNG 198.6-06.3,PK 198-06.1,A 12,
PN,06 59 56.61,+14 36 46.8,,,,,,,,1.12,,,PNG 200.7+08.4,PK 200+08.1,A 19,
PN,06 39 55.85,+11 06 30.2,,,,,,,,,,,PNG 201.7+02.5,K 4-48,
PN,06 14 33.60,+07 34 32.3,,,,,,,,0.67,,,PNG 201.9-04.6,We 1-  4,
PN,06 04 46.72,+03 56 26.9,,,,,,,,2.55,,,PNG 204.0-08.5,PK 204-08.1,A 13,
PN,06 52 30.40,+09 57 48.2,,,,,,,,6.92,,,PNG 204.1+04.7,PK 204+04.1,K 2- 2,
PN,06 23 54.84,+05 30 12.4,,,,,,,,0.17,,,PNG 204.8-03.5,K 3-72,
PN,07 29 02.86,+13 14 30.0,,,,,,,,10.25,,,PNG 205.1+14.2,PK 205+14.1,A 21,
PN,05 03 41.79,-06 09 34.1,,,,,,,,,,,PNG 205.8-26.7,MaC 2- 1,
PN,04 14 17.16,-12 44 11.4,,,,,1.800E+03,,,0.35,,,NGC 1535,PNG 206.4-40.5,PK 206-40.1,
PN,08 46 54.38,+17 52 32.6,,,,,1.155E+03,,,2.12,,,PNG 208.5+33.2,PK 208+33.1,A 30,
PN,07 00 27.67,+04 20 44.2,,,,,,,,3.83,,,PNG 210.0+03.9,We 2- 34,
PN,06 53 33.82,+03 08 24.5,,,,,,,,0.30,,,PNG 210.3+01.9,PK 210+01.1,M 1- 8,
PN,06 35 44.63,-00 05 41.2,,,,,,,,,,,PNG 211.2-03.5,PK 211-03.1,M 1- 6,
PN,07 55 11.27,+09 33 11.5,,,,,,,,1.57,,,PNG 211.4+18.4,HDW  7,
PN,08 11 14.70,+10 57 02.0,,,,,,,,2.83,,,PNG 211.9+22.6,EGB 5,
PN,07 05 19.17,+02 46 59.2,,,,,,,,,,,PNG 212.0+04.3,PK 212+04.1,M 1- 9,
PN,07 22 57.79,+01 45 37.4,,,,,,,,1.12,,,PNG 214.9+07.8,PK 214+07.1,A 20,
PN,05 27 28.30,-12 41 48.2,,,,,1.070E+03,,,0.20,,,IC 418,PNG 215.2-24.2,PK 215-24.1,
PN,05 03 08.01,-15 36 13.1,,,,,,,,12.67,,,PNG 215.5-30.8,PK 215-30.1,A  7,
PN,07 09 22.06,-00 48 17.4,,,,,1.000E+03,,,0.87,,,NGC 2346,PNG 215.6+03.6,PK 215+03.1,
PN,07 36 06.67,+02 42 17.1,,,,,,,,1.40,,,PNG 215.6+11.1,PK 215+11.1,K 1-11,
PN,06 56 14.28,-02 53 08.2,,,,,,,,1.22,,,PNG 216.0-00.2,PK 216-00.1,A 18,
PN,06 41 34.44,-05 02 39.5,,,,,,,,0.25,,,PNG 216.3-04.4,We 1-  5,
PN,07 51 38.49,+03 00 26.9,,,,,,,,5.92,,,PNG 217.1+14.7,PK 217+14.1,A 24,
PN,07 06 48.31,-03 04 42.8,,,,,,,,0.25,,,PNG 217.4+02.0,St 3-1,
PN,06 23 37.24,-10 13 23.0,,,,,,,,1.57,,,PNG 218.9-10.7,HDW  5,
PN,08 54 13.12,+08 53 58.7,,,,,,,,16.17,,,PNG 219.1+31.2,PK 219+31.1,A 31,
PN,03 33 15.33,-25 52 12.5,,,,,5.900E+02,,,6.42,,,NGC 1360,PNG 220.3-53.9,PK 220-53.1,
PN,06 21 42.59,-12 59 09.8,,,,,2.267E+03,,,0.15,,,IC 2165,PNG 221.3-12.3,PK 221-12.1,
PN,09 53 00.48,+13 44 50.9,,,,,,,,12.00,,,PNG 221.5+46.3,EGB 6,
PN,07 26 34.03,-05 21 53.6,,,,,,,,0.20,,,PNG 221.7+05.3,PK 221+05.1,M 3- 3,
PN,08 06 45.22,-02 52 42.8,,,,,,,,2.75,,,PNG 224.3+15.3,PK 224+15.1,K 1-13,
PN,07 17 26.03,-10 10 40.3,,,,,,,,1.03,,,PNG 224.9+01.0,We 1-  6,
PN,07 02 46.64,-13 42 50.3,,,,,,,,,,,PNG 226.4-03.7,PK 226-03.1,PB  1,
PN,07 37 18.89,-09 38 48.1,,,,,,,,0.05,,,PNG 226.7+05.6,PK 226+05.1,M 1-16,
PN,05 55 06.40,-22 54 01.0,,,,,,,,2.20,,,PNG 228.2-22.1,DeHt 1,
PN,07 40 22.17,-11 32 30.1,,,,,,,,0.05,,,PNG 228.8+05.3,PK 228+05.1,M 1-17,
PN,07 12 35.42,-16 05 43.5,,,,,,,,1.03,,,PNG 229.6-02.7,PK 229-02.1,K 1-10,
PN,07 42 03.32,-14 21 12.1,,,,,,,,0.50,,,PNG 231.4+04.3,PK 231+04.1,M 1-18,
PN,07 41 50.28,-14 44 08.3,,,,,2.000E+03,,,1.07,,,NGC 2438,PNG 231.8+04.1,PK 231+04.2,
PN,07 48 03.56,-14 07 42.7,,,,,,,,,,,PNG 232.0+05.7,SaSt 2-  3,
PN,07 21 14.89,-18 08 36.1,,,,,,,,0.17,,,PNG 232.4-01.8,PK 232-01.1,M 1-13,
PN,07 11 16.67,-19 51 03.1,,,,,,,,,,,PNG 232.8-04.7,PK 232-04.1,M 1-11,
PN,06 50 41.01,-22 26 09.3,,,,,,,,0.92,,,PNG 233.0-10.1,SaWe 1,
PN,06 27 02.14,-25 22 54.5,,,,,,,,0.57,,,PNG 233.5-16.3,PK 233-16.1,A 15,
PN,07 06 57.13,-22 02 14.2,,,,,,,,1.05,,,PNG 234.3-06.6,PK 234-06.1,K 2- 3,
PN,07 41 55.40,-18 12 32.8,,,,,1.632E+03,,,0.27,,,NGC 2440,PNG 234.8+02.4,PK 234+02.1,
PN,07 27 56.51,-20 13 23.5,,,,,,,,,,,PNG 234.9-01.4,PK 235-01.1,M 1-14,
PN,07 19 21.45,-21 43 55.3,,,,,,,,,,,PNG 235.3-03.9,PK 235-03.1,M 1-12,
PN,06 54 28.96,-25 21 11.7,,,,,,,,2.47,,,PNG 236.0-10.6,HaWe 9,
PN,07 50 11.89,-19 18 09.2,,,,,,,,0.62,,,PNG 236.7+03.5,PK 236+03.1,K 1-12,
PN,09 39 08.99,-02 48 32.6,,,,,,,,4.50,,,PNG 238.0+34.8,PK 238+34.1,A 33,
PN,08 08 44.01,-19 13 49.7,,,,,,,,0.67,,,PNG 238.9+07.3,Sa 2- 21,
PN,08 33 23.47,-16 08 55.8,,,,,,,,0.63,,,NGC 2610,PNG 239.6+13.9,PK 239+13.1,
PN,06 55 12.08,-29 07 28.4,,,,,,,,0.40,,,PNG 239.6-12.0,PK 239-12.1,ESO 427-19,
PN,08 10 41.68,-20 31 33.0,,,,,,,,0.13,,,PNG 240.3+07.0,Y-C 2- 5,
PN,07 14 49.51,-27 50 18.3,,,,,,,,0.12,,,PNG 240.3-07.6,PK 240-07.1,M 3- 2,
PN,07 55 11.22,-23 37 45.7,,,,,,,,0.22,,,PNG 241.0+02.3,PK 241+02.1,M 3- 4,
PN,07 02 49.67,-31 35 41.3,,,,,,,,0.18,,,PNG 242.6-11.6,PK 242-11.1,M 3- 1,
PN,07 47 26.12,-27 20 05.8,,,,,2.892E+03,,,0.32,,,NGC 2452,PNG 243.3-01.0,PK 243-01.1,
PN,05 03 01.72,-39 45 44.1,,,,,,,,0.38,,,PNG 243.8-37.1,PRTM 1,
PN,08 40 14.21,-20 53 41.3,,,,,,,,6.67,,,PNG 244.5+12.5,PK 244+12.1,A 29,
PN,08 02 28.74,-27 41 57.6,,,,,,,,0.10,,,PNG 245.4+01.6,PK 245+01.1,M 3- 5,
PN,09 45 35.07,-13 10 13.8,,,,,,,,4.83,,,PNG 248.7+29.5,PK 248+29.1,A 34,
PN,07 28 55.20,-35 45 15.5,,,,,,,,0.10,,,PNG 248.8-08.5,PK 248-08.1,M 4- 2,
PN,08 31 42.78,-27 45 32.4,,,,,,,,,,,PNG 249.0+06.9,SaSt 1-  1,
PN,07 43 18.90,-34 45 13.0,,,,,,,,0.90,,,PNG 249.3-05.4,PK 249-05.1,A 23,
PN,08 09 01.29,-32 40 15.3,,,,,,,,0.67,,,PNG 250.3+00.1,PK 250+00.1,A 26,
PN,08 04 14.53,-34 16 03.5,,,,,,,,0.47,,,PNG 251.1-01.5,K 1-21,
PN,08 31 52.57,-32 06 07.1,,,,,,,,0.72,,,PNG 252.6+04.4,PK 252+04.1,K 1- 1,
PN,08 57 49.33,-28 56 38.6,,,,,,,,0.97,,,PNG 253.5+10.7,PK 253+10.1,K 1- 2,
PN,08 40 44.25,-32 22 09.3,,,,,,,,0.13,,,PNG 253.9+05.7,PK 254+05.1,M 3- 6,
PN,08 20 56.73,-36 13 46.8,,,,,,,,0.93,,,PNG 254.6+00.2,Ns 238,
PN,02 56 58.25,-44 10 19.3,,,,,,,,6.22,,,PNG 255.3-59.6,Lo  1,
PN,08 36 16.33,-35 15 51.3,,,,,,,,0.33,,,PNG 255.7+03.3,Wray 16- 22,
PN,08 16 10.09,-39 51 50.8,,,,,,,,0.13,,,PNG 257.1-02.6,Vo 2,
PN,08 30 57.94,-38 19 52.2,,,,,,,,1.02,,,PNG 257.5+00.6,VBRC 1,
PN,07 14 47.99,-46 57 24.4,,,,,,,,1.37,,,PNG 258.0-15.7,Wray 17-  1,
PN,08 28 27.96,-39 23 42.6,,,,,,,,0.07,,,PNG 258.1-00.3,PK 258-00.1,He 2-  9,
PN,08 37 08.17,-39 26 25.4,,,,,,,,1.08,,,PNG 259.1+00.9,PK 259+00.1,He 2- 11,
PN,08 42 16.00,-40 44 06.7,,,,,,,,0.60,,,PNG 260.7+00.9,Vo 3,
PN,08 23 40.39,-43 12 43.9,,,,,,,,1.00,,,PNG 260.7-03.3,Wray 16- 20,
PN,10 24 45.88,-18 38 37.8,,,,,8.967E+02,,,0.42,,,C 59,NGC 3242,PNG 261.0+32.0,PK 261+32.1,Ghost of Jupiter,
PN,08 53 30.56,-40 03 34.3,,,,,,,,0.40,,,PNG 261.6+03.0,PK 261+02.1,He 2- 15,
PN,09 16 00.49,-36 37 31.5,,,,,1.967E+03,,,0.83,,,NGC 2818,PNG 261.9+08.5,PK 261+08.1,
PN,08 23 53.67,-45 31 09.8,,,,,,,,0.33,,,PNG 262.6-04.6,Wray 17- 18,
PN,08 20 39.81,-46 20 13.3,,,,,,,,0.05,,,PNG 263.0-05.5,PK 263-05.1,PB  2,
PN,08 48 38.69,-42 53 45.8,,,,,,,,2.83,,,PNG 263.2+00.4,K 2-15,
PN,08 05 10.97,-48 23 30.0,,,,,,,,0.40,,,PNG 263.3-08.8,ESO 209-15,
PN,08 11 31.94,-48 43 14.4,,,,,,,,0.75,,,PNG 264.1-08.1,PK 264-08.1,He 2-  7,
PN,08 34 28.86,-46 25 38.7,,,,,,,,1.00,,,PNG 264.4-03.6,Wray 17- 20,
PN,07 47 20.58,-51 15 10.9,,,,,,,,0.05,,,PNG 264.4-12.7,PK 264-12.1,He 2-  5,
PN,08 43 24.12,-46 08 28.7,,,,,,,,,,,PNG 265.1-02.2,PK 265-02.1,Ve 26,
PN,08 34 07.03,-47 16 38.0,,,,,,,,0.47,,,PNG 265.1-04.2,ESO 259-10,
PN,09 12 26.61,-42 25 31.3,,,,,2.333E+03,,,0.22,,,NGC 2792,PNG 265.7+04.1,PK 265+04.1,
PN,09 16 10.14,-45 28 46.3,,,,,,,,,,,PNG 268.4+02.4,PK 268+02.1,PB  5,
PN,08 54 17.92,-50 32 19.3,,,,,,,,0.12,,,PNG 269.7-03.6,PK 269-03.1,PB  3,
PN,10 34 30.61,-29 11 15.4,,,,,,,,0.90,,,PNG 270.1+24.8,K 1-28,
PN,10 07 01.76,-40 26 09.7,,,,,6.275E+02,,,0.50,,,C 74,NGC 3132,PNG 272.1+12.3,PK 272+12.1,Eight Burst Nebula,
PN,08 53 36.73,-54 05 08.4,,,,,,,,1.83,,,PNG 272.4-05.9,MeWe 1- 1,
PN,09 08 40.74,-53 19 07.7,,,,,,,,0.18,,,PNG 273.2-03.7,PK 273-03.1,He 2- 18,
PN,09 52 44.78,-46 17 09.4,,,,,,,,1.50,,,PNG 273.6+06.1,HBDS 1,
PN,09 41 10.29,-49 22 41.6,,,,,,,,,,,PNG 274.1+02.5,PK 274+02.1,He 2- 34,
PN,10 05 46.36,-44 21 44.1,,,,,,,,0.80,,,PNG 274.3+09.1,Lo  4,
PN,09 41 36.39,-49 57 44.7,,,,,,,,0.08,,,PNG 274.6+02.1,PK 274+02.2,He 2- 35,
PN,09 47 24.24,-48 58 18.9,,,,,,,,0.38,,,PNG 274.6+03.5,PK 274+03.1,He 2- 37,
PN,09 15 07.63,-54 52 38.7,,,,,,,,0.17,,,PNG 275.0-04.1,PK 275-04.1,PB  4,
PN,09 22 06.39,-54 09 46.4,,,,,,,,0.17,,,PNG 275.2-02.9,PK 275-02.1,He 2- 28,
PN,09 18 01.33,-54 39 29.0,,,,,,,,0.08,,,PNG 275.2-03.7,PK 275-03.1,He 2- 25,
PN,09 13 52.24,-55 28 21.1,,,,,,,,0.03,,,PNG 275.3-04.7,PK 275-04.2,He 2- 21,
PN,09 30 48.63,-53 09 57.1,,,,,,,,0.12,,,PNG 275.5-01.3,PK 275-01.1,Pe 2- 4,
PN,09 24 44.76,-54 36 19.7,,,,,,,,0.23,,,PNG 275.8-02.9,PK 275-02.2,He 2- 29,
PN,09 27 03.46,-56 06 18.1,,,,,,,,1.50,,,NGC 2899,PNG 277.1-03.8,PK 277-03.1,
PN,09 31 27.13,-56 17 40.9,,,,,,,,1.83,,,PNG 277.7-03.5,Wray 17- 31,
PN,09 21 25.59,-58 18 47.8,,,,,1.680E+03,,,0.23,,,C 90,NGC 2867,PNG 278.1-05.9,PK 278-05.1,
PN,09 30 55.93,-57 36 57.6,,,,,,,,0.58,,,PNG 278.5-04.5,PK 278-04.1,He 2- 32,
PN,09 19 27.92,-59 12 07.3,,,,,,,,,,,PNG 278.6-06.7,PK 278-06.1,He 2- 26,
PN,10 13 16.19,-50 20 00.6,,,,,,,,0.18,,,PNG 278.8+04.9,PK 278+05.1,PB  6,
PN,09 43 26.01,-57 16 59.5,,,,,,,,0.37,,,PNG 279.6-03.1,PK 279-03.1,He 2- 36,
PN,10 11 57.83,-52 38 15.0,,,,,,,,0.33,,,PNG 280.0+02.9,Ste 2-1,
PN,09 38 47.50,-60 05 28.1,,,,,1.700E+03,,,0.03,,,IC 2501,PNG 281.0-05.6,PK 281-05.1,
PN,10 31 32.45,-53 33 26.8,,,,,,,,0.23,,,PNG 282.9+03.8,PK 282+03.1,He 2- 48,
PN,10 34 18.30,-53 40 58.4,,,,,,,,0.18,,,PNG 283.3+03.9,PK 283+03.1,He 2- 50,
PN,11 26 44.40,-34 22 14.9,,,,,,,,3.00,,,PNG 283.6+25.3,K 1-22,
PN,10 31 33.13,-55 20 53.9,,,,,,,,0.12,,,PNG 283.8+02.2,PK 283+02.1,My 60,
PN,10 03 49.77,-60 43 46.5,,,,,,,,0.17,,,PNG 283.8-04.2,PK 283-04.1,He 2- 39,
PN,10 54 42.03,-48 47 00.4,,,,,,,,5.00,,,PNG 283.9+09.7,ESO 215-04,
PN,10 15 33.93,-58 51 10.3,,,,,,,,0.35,,,PNG 283.9-01.8,PK 283-01.1,Hf  4,
PN,10 38 32.49,-56 46 33.1,,,,,,,,0.05,,,PNG 285.4+01.5,PK 285+01.1,Pe 1- 1,
PN,10 41 19.94,-56 09 18.3,,,,,,,,,,,PNG 285.4+02.2,PK 285+02.1,Pe 2- 7,
PN,10 28 43.28,-59 04 10.2,,,,,,,,1.50,,,PNG 285.4-01.1,PK 285-01.1,Pe 2- 5,
PN,10 09 21.68,-62 36 41.1,,,,,,,,0.15,,,IC 2553,PNG 285.4-05.3,PK 285-05.1,
PN,10 23 09.04,-60 32 34.5,,,,,,,,,,,PNG 285.6-02.7,PK 285-02.1,He 2- 47,
PN,10 39 31.96,-57 06 09.6,,,,,,,,0.08,,,PNG 285.7+01.2,PK 285+01.2,Pe 1- 2,
PN,09 07 06.27,-69 56 16.6,,,,,3.500E+03,,,0.15,,,IC 2448,PNG 285.7-14.9,PK 285-14.1,
PN,10 07 23.30,-63 54 32.1,,,,,,,,,,,PNG 286.0-06.5,PK 286-06.1,He 2- 41,
PN,10 06 55.55,-64 21 46.2,,,,,,,,1.00,,,PNG 286.2-06.9,Wray 17- 40,
PN,10 48 43.07,-56 03 22.7,,,,,,,,0.30,,,PNG 286.3+02.8,PK 286+02.1,He 2- 55,
PN,10 17 50.37,-62 40 08.7,,,,,2.205E+03,,,0.27,,,NGC 3211,PNG 286.3-04.8,PK 286-04.1,
PN,11 13 50.53,-48 05 32.9,,,,,,,,3.58,,,PNG 286.5+11.6,Lo  5,
PN,05 57 02.10,-75 40 21.0,,,,,,,,0.77,,,PNG 286.8-29.5,K 1-27,
PN,10 54 34.90,-59 09 48.4,,,,,,,,0.42,,,PNG 288.4+00.3,PK 288+00.1,Hf 38,
PN,10 44 31.49,-61 39 41.0,,,,,,,,0.13,,,PNG 288.4-02.4,PK 288-02.1,Pe 1- 3,
PN,11 18 09.75,-52 10 06.6,,,,,,,,0.60,,,PNG 288.7+08.1,ESO 216-02,
PN,10 35 45.90,-64 19 03.9,,,,,,,,0.15,,,PNG 288.8-05.2,PK 288-05.1,He 2- 51,
PN,10 53 58.94,-60 26 41.7,,,,,,,,1.20,,,PNG 288.9-00.8,PK 288-00.1,Hf 39,
PN,10 56 02.54,-61 28 02.2,,,,,,,,0.33,,,PNG 289.6-01.6,PK 289-01.1,He 2- 57,
PN,11 24 00.35,-52 51 21.1,,,,,,,,0.05,,,PNG 289.8+07.7,PK 289+07.1,He 2- 63,
PN,11 03 55.63,-60 36 05.2,,,,,,,,0.32,,,PNG 290.1-00.4,PK 290-00.1,Hf 48,
PN,11 28 35.85,-52 56 06.1,,,,,,,,0.27,,,PNG 290.5+07.9,PK 290+07.1,Fg 1,
PN,06 59 27.50,-79 38 47.1,,,,,,,,,,,PNG 291.3-26.2,Vo 1,
PN,11 52 29.40,-42 17 35.5,,,,,,,,0.53,,,PNG 291.4+19.2,ESO 320-28,
PN,11 00 19.55,-65 14 54.3,,,,,,,,0.08,,,IC 2621,PNG 291.6-04.8,PK 291-04.1,
PN,11 27 23.52,-57 17 55.3,,,,,,,,0.13,,,PNG 291.7+03.7,PK 291+03.1,He 2- 64,
PN,11 33 18.76,-57 06 17.8,,,,,,,,0.08,,,PNG 292.4+04.1,PK 292+04.1,PB  8,
PN,11 27 59.15,-59 57 31.7,,,,,,,,0.75,,,NGC 3699,PNG 292.6+01.2,PK 292+01.1,
PN,11 30 48.65,-59 17 03.4,,,,,,,,0.20,,,PNG 292.7+01.9,Wray 16- 93,
PN,11 28 47.96,-60 06 32.2,,,,,,,,,,,PNG 292.8+01.1,PK 292+01.2,He 2- 67,
PN,11 35 12.56,-60 16 53.8,,,,,,,,0.58,,,PNG 293.6+01.2,PK 293+01.1,He 2- 70,
PN,11 53 03.80,-50 50 41.6,,,,,,,,1.37,,,PNG 293.6+10.9,BlDz 1,
PN,12 00 43.54,-47 33 12.2,,,,,,,,1.03,,,PNG 294.1+14.4,Lo  6,
PN,12 24 31.00,-18 47 09.1,,,,,1.300E+03,,,1.05,,,NGC 4361,PNG 294.1+43.6,PK 294+43.1,
PN,11 50 18.91,-57 10 51.1,,,,,1.385E+03,,,0.32,,,NGC 3918,PNG 294.6+04.7,PK 294+04.1,Blue Planetary Nebula,
PN,11 41 37.85,-62 28 56.6,,,,,,,,1.13,,,PNG 294.9-00.6,PK 294-00.1,He 2- 72,
PN,11 31 46.50,-65 58 14.0,,,,,,,,,,,PNG 294.9-04.3,PK 294-04.1,He 2- 68,
PN,11 17 42.94,-70 49 30.4,,,,,,,,,,,PNG 295.3-09.3,PK 295-09.1,He 2- 62,
PN,11 48 38.66,-65 08 33.7,,,,,,,,0.07,,,PNG 296.3-03.0,PK 296-03.1,He 2- 73,
PN,11 39 11.40,-68 52 07.6,,,,,,,,,,,PNG 296.4-06.9,PK 296-06.1,He 2- 71,
PN,10 09 22.07,-80 51 30.3,,,,,,,,0.70,,,C 109,NGC 3195,PNG 296.6-20.0,PK 296-20.1,
PN,12 09 10.47,-58 42 35.6,,,,,,,,0.05,,,PNG 297.4+03.7,PK 297+03.1,He 2- 78,
PN,12 33 14.58,-27 48 32.5,,,,,,,,0.12,,,PNG 298.0+34.8,CTIO 1230-275,
PN,12 09 01.12,-63 07 05.6,,,,,,,,0.37,,,PNG 298.1-00.7,PK 298-00.1,He 2- 77,
PN,12 08 25.98,-64 12 11.7,,,,,,,,0.28,,,PNG 298.2-01.7,PK 298-01.2,He 2- 76,
PN,12 04 15.27,-67 18 35.1,,,,,1.100E+03,,,1.05,,,NGC 4071,PNG 298.3-04.8,PK 298-04.1,
PN,12 30 52.03,-44 14 21.9,,,,,,,,0.70,,,PNG 299.0+18.4,K 1-23,
PN,12 16 33.25,-66 45 38.0,,,,,,,,1.20,,,PNG 299.4-04.1,HaTr  1,
PN,12 23 53.10,-60 13 13.4,,,,,,,,0.40,,,PNG 299.5+02.4,PK 299+02.1,He 2- 82,
PN,12 23 02.58,-64 02 07.7,,,,,,,,0.10,,,PNG 299.8-01.3,PK 299-01.1,He 2- 81,
PN,12 28 45.65,-62 05 35.1,,,,,,,,0.08,,,PNG 300.2+00.6,PK 300+00.1,He 2- 83,
PN,12 28 46.75,-63 44 35.1,,,,,,,,0.47,,,PNG 300.4-00.9,PK 300-00.1,He 2- 84,
PN,12 30 07.64,-63 52 58.4,,,,,,,,0.17,,,PNG 300.5-01.1,PK 300-01.1,He 2- 85,
PN,12 30 30.31,-64 51 09.1,,,,,,,,0.05,,,PNG 300.7-02.0,PK 300-02.1,He 2- 86,
PN,12 30 24.53,-66 14 25.5,,,,,,,,0.30,,,PNG 300.8-03.4,ESO 095-12,
PN,12 45 54.90,-60 20 14.4,,,,,,,,0.20,,,PNG 302.2+02.5,Wray 16-120,
PN,12 45 51.19,-64 09 37.5,,,,,,,,1.25,,,PNG 302.3-01.3,DuRe 1,
PN,12 48 31.05,-63 49 56.2,,,,,,,,0.80,,,PNG 302.6-00.9,Wray 16-121,
PN,12 53 41.35,-22 51 42.2,,,,,3.600E+02,,,12.83,,,PNG 303.6+40.0,PK 303+40.1,A 35,
PN,13 00 41.35,-56 53 28.0,,,,,,,,0.60,,,PNG 304.2+05.9,Wray 16-122,
PN,13 08 48.32,-67 38 32.5,,,,,2.100E+03,,,0.08,,,IC 4191,PNG 304.5-04.8,PK 304-04.1,
PN,13 05 47.77,-57 39 21.0,,,,,,,,,,,PNG 304.8+05.1,PK 304+05.1,He 2- 88,
PN,13 09 36.05,-61 19 33.4,,,,,,,,,,,PNG 305.1+01.4,PK 305+01.1,He 2- 90,
PN,13 34 14.86,-75 46 28.3,,,,,,,,1.20,,,PNG 305.6-13.1,ESO 040-11,
PN,13 19 30.24,-66 09 08.0,,,,,,,,0.40,,,PNG 305.7-03.4,Wray 17- 59,
PN,13 22 34.79,-63 20 55.4,,,,,,,,0.38,,,PNG 306.4-00.6,PK 306-00.1,Th 2-A,
PN,13 33 41.89,-65 58 28.6,,,,,1.266E+03,,,2.33,,,NGC 5189,PNG 307.2-03.4,PK 307-03.1,
PN,13 45 24.06,-71 28 48.9,,,,,,,,,,,PNG 307.2-09.0,PK 307-09.1,He 2- 97,
PN,13 24 21.62,-57 31 19.5,,,,,,,,0.30,,,PNG 307.3+05.0,Wray 16-128,
PN,13 39 34.03,-67 22 45.4,,,,,1.350E+03,,,0.07,,,PNG 307.5-04.9,PK 307-04.1,MyCn 18,
PN,13 28 04.93,-54 41 56.6,,,,,,,,0.30,,,PNG 308.2+07.7,MeWe 1- 3,
PN,14 15 25.77,-74 12 49.9,,,,,,,,0.52,,,PNG 308.6-12.2,PK 308-12.1,He 2-105,
PN,13 42 35.61,-61 22 30.7,,,,,,,,0.07,,,PNG 309.0+00.8,PK 309+00.1,He 2- 96,
PN,13 52 30.97,-66 23 27.7,,,,,,,,0.28,,,PNG 309.0-04.2,PK 309-04.1,He 2- 99,
PN,13 53 57.84,-66 30 51.7,,,,,2.167E+03,,,0.10,,,NGC 5315,PNG 309.1-04.3,PK 309-04.2,
PN,13 43 59.11,-60 49 40.0,,,,,,,,1.13,,,PNG 309.2+01.3,VBRC 5,
PN,13 54 27.02,-64 59 27.6,,,,,,,,,,,PNG 309.5-02.9,MaC 1- 2,
PN,13 25 37.21,-37 36 15.3,,,,,,,,1.92,,,PNG 310.3+24.7,Lo  8,
PN,13 53 23.27,-60 33 51.6,,,,,,,,,,,PNG 310.4+01.3,Vo 4,
PN,14 05 36.83,-64 40 56.7,,,,,,,,0.33,,,PNG 310.7-02.9,PK 310-02.1,He 2-103,
PN,14 15 23.01,-67 31 57.2,,,,,,,,0.27,,,PNG 310.8-05.9,LoTr  7,
PN,13 55 45.33,-59 22 40.7,,,,,,,,1.08,,,PNG 311.0+02.4,SuWt 2,
PN,13 54 56.08,-58 27 18.4,,,,,,,,,,,PNG 311.1+03.4,PK 311+03.1,He 2-101,
PN,13 58 13.28,-58 54 29.5,,,,,,,,0.15,,,PNG 311.4+02.8,PK 311+02.1,He 2-102,
PN,13 51 03.35,-51 12 16.1,,,,,,,,0.20,,,NGC 5307,PNG 312.3+10.5,PK 312+10.1,
PN,14 18 42.54,-63 07 10.9,,,,,,,,0.17,,,PNG 312.6-01.8,PK 312-01.1,He 2-107,
PN,15 21 09.77,-72 14 07.0,,,,,,,,1.87,,,PNG 313.8-12.6,LoTr 11,
PN,14 33 18.24,-60 49 44.3,,,,,,,,0.53,,,PNG 315.0-00.3,PK 315-00.1,He 2-111,
PN,15 37 11.68,-71 54 54.2,,,,,8.660E+02,,,0.10,,,PNG 315.1-13.0,PK 315-13.1,He 2-131,
PN,14 20 48.85,-55 27 55.3,,,,,,,,0.12,,,PNG 315.4+05.2,PK 315+05.1,He 2-109,
PN,14 11 52.13,-51 26 23.7,,,,,,,,,,,PNG 315.4+09.4,PK 315+09.1,He 2-104,
PN,14 21 59.38,-55 02 16.3,,,,,,,,0.32,,,PNG 315.7+05.5,LoTr  8,
PN,14 41 17.66,-61 19 55.5,,,,,,,,0.47,,,PNG 315.7-01.2,LoTr  9,
PN,14 18 09.29,-52 10 39.7,,,,,8.300E+03,,,0.18,,,PNG 316.1+08.4,PK 316+08.1,He 2-108,
PN,14 46 21.37,-61 13 47.2,,,,,,,,0.90,,,PNG 316.3-01.3,LoTr 10,
PN,15 10 39.84,-64 40 18.8,,,,,,,,0.88,,,PNG 317.1-05.7,PK 317-05.1,He 2-119,
PN,14 41 35.66,-56 15 06.3,,,,,,,,0.75,,,PNG 317.8+03.3,VBRC 6,
PN,15 04 08.71,-60 53 21.0,,,,,,,,0.62,,,PNG 318.3-02.0,PK 318-02.1,He 2-114,
PN,15 06 00.76,-61 21 24.2,,,,,,,,0.85,,,PNG 318.3-02.5,PK 318-02.2,He 2-116,
PN,13 40 41.19,-19 52 56.5,,,,,4.000E+02,,,6.17,,,PNG 318.4+41.4,PK 318+41.1,A 36,
PN,15 08 42.75,-61 44 03.7,,,,,,,,0.33,,,PNG 318.4-03.0,ESO 135-04,
PN,14 40 29.97,-52 34 51.2,,,,,,,,0.23,,,PNG 319.2+06.8,PK 319+06.1,He 2-112,
PN,14 22 26.47,-44 09 05.8,,,,,,,,0.58,,,IC 4406,PNG 319.6+15.7,PK 319+15.1,
PN,15 56 01.24,-66 09 10.9,,,,,5.000E+03,,,0.12,,,PNG 320.1-09.6,PK 320-09.1,He 2-138,
PN,19 33 50.78,-74 32 58.6,,,,,,,,,,,PNG 320.3-28.8,PK 320-28.1,He 2-434,
PN,15 05 59.22,-55 59 20.8,,,,,,,,,,,PNG 320.9+02.0,PK 321+02.2,He 2-117,
PN,14 59 53.68,-54 18 06.6,,,,,,,,,,,PNG 321.0+03.9,He 2-113,
PN,14 46 34.92,-50 23 26.9,,,,,,,,0.45,,,PNG 321.0+08.3,MeWe 1- 5,
PN,15 30 18.55,-61 01 39.2,,,,,,,,0.20,,,PNG 321.0-03.8,HaTr  2,
PN,15 05 16.62,-55 11 12.0,,,,,,,,0.05,,,PNG 321.3+02.8,PK 321+02.1,He 2-115,
PN,17 01 16.74,-70 06 05.6,,,,,,,,,,,PNG 321.3-16.7,PK 321-16.1,He 2-185,
PN,15 11 55.99,-55 39 50.9,,,,,1.200E+03,,,0.45,,,PNG 321.8+01.9,PK 321+01.1,He 2-120,
PN,15 52 09.58,-62 30 52.6,,,,,,,,,,,PNG 322.1-06.6,PK 322-06.1,He 2-136,
PN,15 23 42.14,-57 09 17.3,,,,,,,,0.02,,,PNG 322.4-00.1,PK 322-00.1,Pe 2- 8,
PN,15 34 16.63,-59 08 59.2,,,,,1.200E+03,,,0.43,,,PNG 322.4-02.6,PK 322-02.1,Mz 1,
PN,15 47 40.68,-61 13 02.8,,,,,,,,0.13,,,NGC 5979,PNG 322.5-05.2,PK 322-05.1,
PN,15 38 00.40,-58 44 51.1,,,,,,,,0.30,,,PNG 323.1-02.5,PK 323-02.1,He 2-132,
PN,15 22 19.61,-54 08 16.7,,,,,,,,0.07,,,PNG 323.9+02.4,PK 323+02.1,He 2-123,
PN,15 19 08.84,-53 09 50.2,,,,,,,,0.45,,,PNG 324.0+03.5,PM 1- 89,
PN,15 01 40.44,-48 21 03.0,,,,,,,,0.30,,,PNG 324.1+09.0,ESO 223-10,
PN,15 23 35.71,-53 51 24.4,,,,,2.100E+03,,,0.05,,,PNG 324.2+02.5,PK 324+02.1,He 2-125,
PN,15 41 57.41,-56 36 45.9,,,,,,,,0.07,,,PNG 324.8-01.1,PK 324-01.1,He 2-133,
PN,15 25 32.54,-52 50 42.7,,,,,,,,0.02,,,PNG 325.0+03.2,PK 325+03.1,He 2-129,
PN,15 59 09.11,-58 23 51.1,,,,,,,,0.23,,,PNG 325.4-04.0,PK 325-04.1,He 2-141,
PN,15 25 07.93,-51 19 41.0,,,,,,,,,,,PNG 325.8+04.5,PK 325+04.1,He 2-128,
PN,16 54 35.23,-64 14 31.2,,,,,7.400E+03,,,0.05,,,PNG 325.8-12.8,PK 325-12.1,He 2-182,
PN,16 15 41.91,-59 54 02.9,,,,,8.000E+03,,,0.05,,,PNG 326.0-06.5,PK 326-06.1,He 2-151,
PN,15 52 58.52,-56 23 54.8,,,,,,,,0.20,,,PNG 326.1-01.9,VBe 3,
PN,14 04 26.04,-17 13 34.1,,,,,,,,0.70,,,IC 972,PNG 326.7+42.2,PK 326+42.1,
PN,15 58 08.88,-55 41 52.5,,,,,,,,0.03,,,PNG 327.1-01.8,PK 327-01.2,He 2-140,
PN,15 59 58.09,-55 55 25.7,,,,,,,,0.05,,,PNG 327.1-02.2,PK 327-02.1,He 2-142,
PN,15 06 13.69,-42 59 58.4,,,,,,,,,,,PNG 327.5+13.3,PK 327+13.1,He 2-118,
PN,16 19 15.74,-57 58 24.7,,,,,,,,0.23,,,PNG 327.7-05.4,KoRe 1,
PN,15 16 49.86,-45 38 56.4,,,,,1.100E+03,,,0.23,,,NGC 5882,PNG 327.8+10.0,PK 327+10.1,
PN,16 00 59.52,-55 05 38.8,,,,,,,,0.08,,,PNG 327.8-01.6,PK 327-01.1,He 2-143,
PN,16 23 30.61,-58 19 23.9,,,,,,,,0.03,,,PNG 327.8-06.1,PK 327-06.1,He 2-158,
PN,16 29 30.27,-59 09 22.1,,,,,,,,0.33,,,PNG 327.8-07.2,PK 327-07.1,He 2-163,
PN,16 14 01.13,-56 59 29.1,,,,,,,,,,,PNG 327.9-04.3,PK 327-04.1,He 2-147,
PN,15 49 32.49,-52 30 31.1,,,,,,,,0.20,,,PNG 328.2+01.3,Lo 10,
PN,16 10 40.87,-54 57 31.8,,,,,,,,0.37,,,PNG 328.9-02.4,PK 328-02.1,He 2-146,
PN,15 51 41.19,-51 31 23.2,,,,,1.450E+03,,,1.20,,,PNG 329.0+01.9,PK 329+02.1,Sp 1,
PN,16 14 31.99,-54 57 03.9,,,,,,,,0.38,,,PNG 329.3-02.8,PK 329-02.2,Mz 2,
PN,16 14 24.57,-54 47 39.3,,,,,,,,0.05,,,PNG 329.4-02.7,PK 329-02.1,He 2-149,
PN,15 55 08.74,-51 23 46.3,,,,,,,,1.67,,,PNG 329.5+01.7,VBRC 7,
PN,16 12 34.39,-54 23 35.4,,,,,,,,0.40,,,PNG 329.5-02.2,Wray 17- 75,
PN,15 42 13.33,-47 40 45.3,,,,,,,,1.78,,,PNG 330.2+05.9,Lo  9,
PN,16 17 13.97,-53 32 03.2,,,,,,,,0.22,,,PNG 330.6-02.1,PK 330-02.1,He 2-153,
PN,16 24 21.05,-54 36 03.2,,,,,,,,0.17,,,PNG 330.6-03.6,PK 330-03.1,He 2-159,
PN,15 51 16.21,-48 45 00.5,,,,,,,,,,,PNG 330.7+04.1,PK 330+04.1,Cn 1-1,
PN,15 51 19.81,-48 26 03.2,,,,,,,,0.25,,,PNG 330.9+04.3,Wray 16-189,
PN,16 22 13.06,-53 40 55.5,,,,,,,,0.05,,,PNG 331.0-02.7,PK 331-02.1,He 2-157,
PN,16 37 42.06,-55 42 25.5,,,,,,,,,,,PNG 331.1-05.7,PK 331-05.1,PC 11,
PN,15 12 50.44,-38 07 29.1,,,,,,,,0.12,,,NGC 5873,PNG 331.3+16.8,PK 331+16.1,
PN,16 08 59.33,-51 02 02.0,,,,,,,,0.17,,,PNG 331.4+00.5,PK 331+00.1,He 2-145,
PN,16 27 51.53,-54 01 27.1,,,,,4.000E+03,,,0.08,,,PNG 331.4-03.5,PK 331-03.1,He 2-162,
PN,16 24 37.15,-53 22 34.0,,,,,,,,0.17,,,PNG 331.5-02.7,PK 331-02.2,He 2-161,
PN,16 29 59.50,-54 09 36.6,,,,,1.400E+03,,,0.83,,,PNG 331.5-03.9,PK 331-03.2,He 2-165,
PN,16 17 13.56,-51 59 06.0,,,,,4.500E+03,,,0.42,,,PNG 331.7-01.0,PK 331-01.1,Mz 3,
PN,16 29 53.11,-53 23 03.9,,,,,,,,0.27,,,PNG 332.0-03.3,PK 332-03.1,He 2-164,
PN,16 00 21.87,-48 15 34.6,,,,,,,,0.13,,,PNG 332.2+03.5,Wray 16-199,
PN,16 35 21.41,-53 50 08.9,,,,,,,,,,,PNG 332.3-04.2,PK 332-04.1,He 2-170,
PN,17 51 52.93,-60 23 20.4,,,,,,,,0.60,,,PNG 332.8-16.4,HaTr  6,
PN,17 09 01.40,-56 54 51.1,,,,,,,,,,,PNG 332.9-09.9,He 3-1333,
PN,16 15 20.22,-49 13 25.2,,,,,,,,0.18,,,PNG 333.4+01.1,PK 333+01.1,He 2-152,
PN,16 39 37.43,-52 49 13.4,,,,,,,,0.70,,,PNG 333.4-04.0,HaTr  3,
PN,16 31 06.73,-50 27 12.7,,,,,,,,0.28,,,PNG 334.3-01.4,MeWe 1- 6,
PN,17 11 45.34,-55 24 02.2,,,,,,,,0.27,,,IC 4642,PNG 334.3-09.3,PK 334-09.1,
PN,17 03 02.50,-53 55 46.1,,,,,,,,,,,PNG 334.8-07.4,SaSt 2- 12,
PN,16 45 00.06,-51 12 18.1,,,,,,,,0.38,,,PNG 335.2-03.6,HaTr  4,
PN,15 53 12.55,-41 50 26.0,,,,,,,,0.48,,,PNG 335.4+09.2,ESO 330-02,
PN,16 34 14.79,-49 21 19.9,,,,,,,,0.37,,,PNG 335.4-01.1,PK 335-01.1,He 2-169,
PN,15 43 00.61,-39 19 30.0,,,,,,,,3.00,,,PNG 335.5+12.4,DS 2,
PN,16 48 40.15,-51 09 14.0,,,,,,,,0.40,,,PNG 335.6-04.0,MeWe 1- 8,
PN,16 47 57.34,-50 42 32.9,,,,,,,,0.13,,,PNG 335.9-03.6,MeWe 1- 7,
PN,16 23 54.62,-46 42 12.2,,,,,,,,0.20,,,PNG 336.2+01.9,PK 336+01.1,Pe 1- 6,
PN,17 06 14.62,-52 29 59.3,,,,,,,,0.12,,,PNG 336.2-06.9,PK 336-06.1,PC 14,
PN,16 59 35.60,-51 42 05.4,,,,,,,,0.05,,,PNG 336.3-05.6,PK 336-05.1,He 2-186,
PN,17 09 35.77,-52 13 03.1,,,,,,,,0.63,,,PNG 336.8-07.2,K 2-17,
PN,16 02 12.96,-41 33 31.2,,,,,,,,,,,PNG 336.9+08.3,StWr 4-10,
PN,17 34 28.18,-54 28 47.3,,,,,,,,1.00,,,PNG 336.9-11.5,MeWe 1-10,
PN,16 30 25.56,-46 02 51.1,,,,,,,,,,,PNG 337.4+01.6,PK 337+01.1,Pe 1- 7,
PN,17 22 36.79,-52 46 30.4,,,,,,,,0.30,,,PNG 337.4-09.1,Wray 16-266,
PN,17 01 37.45,-50 22 56.7,,,,,,,,0.10,,,PNG 337.5-05.1,PK 337-05.1,He 2-187,
PN,16 57 28.92,-49 46 52.0,,,,,,,,0.28,,,PNG 337.6-04.2,MeWe 1- 9,
PN,17 20 46.14,-51 45 19.2,,,,,8.000E+02,,,0.20,,,NGC 6326,PNG 338.1-08.3,PK 338-08.1,
PN,16 19 23.06,-42 15 35.8,,,,,,,,0.23,,,PNG 338.8+05.6,PK 338+05.1,He 2-155,
PN,12 55 34.05,+25 53 27.9,,,,,4.000E+02,,,8.75,,,PNG 339.9+88.4,LoTr  5,
PN,18 00 59.14,-52 44 21.5,,,,,,,,0.18,,,PNG 340.4-14.1,Sa 1- 6,
PN,16 08 26.28,-37 08 48.2,,,,,,,,1.32,,,PNG 340.8+10.8,Lo 12,
PN,16 03 22.06,-36 00 53.5,,,,,,,,1.00,,,PNG 340.8+12.3,Lo 11,
PN,17 11 27.29,-47 25 00.7,,,,,,,,,,,PNG 340.9-04.6,Sa 1-5,
PN,19 09 45.13,-55 34 38.3,,,,,,,,0.72,,,PNG 341.2-24.6,Lo 18,
PN,17 36 07.51,-49 25 35.6,,,,,,,,,,,PNG 341.5-09.1,PK 341-09.1,He 2-248,
PN,16 01 20.82,-34 32 38.1,,,,,,,,0.67,,,NGC 6026,PNG 341.6+13.7,PK 341+13.1,
PN,16 31 30.87,-40 15 22.3,,,,,1.700E+03,,,0.40,,,NGC 6153,PNG 341.8+05.4,PK 341+05.1,
PN,16 12 58.77,-36 13 38.6,,,,,1.850E+03,,,1.17,,,NGC 6072,PNG 342.1+10.8,PK 342+10.1,
PN,15 22 19.24,-23 37 31.3,,,,,,,,0.10,,,PNG 342.1+27.5,PK 342+27.1,Me 2-1,
PN,18 07 19.07,-51 01 11.6,,,,,,,,0.58,,,PNG 342.5-14.3,PK 342-14.1,Sp 3,
PN,16 53 31.48,-42 39 18.0,,,,,,,,0.27,,,PNG 342.7+00.7,PK 342+00.1,H 1- 3,
PN,17 27 48.34,-46 55 34.4,,,,,,,,0.13,,,PNG 342.8-06.6,PK 342-06.1,Cn 1-4,
PN,17 06 22.77,-44 13 12.0,,,,,,,,0.32,,,PNG 342.9-02.0,PK 342-02.1,Pe 1- 8,
PN,17 19 32.40,-45 53 09.9,,,,,,,,0.58,,,PNG 342.9-04.9,PK 342-04.1,He 2-207,
PN,17 05 39.14,-43 57 27.1,,,,,,,,,,,PNG 343.0-01.7,PK 343-01.1,Vd 1-9,
PN,17 01 28.01,-43 05 55.7,,,,,,,,2.00,,,PNG 343.3-00.6,HaTr  5,
PN,16 13 27.67,-34 35 41.6,,,,,,,,0.03,,,PNG 343.4+11.9,PK 343+11.1,H 1- 1,
PN,17 35 41.15,-46 59 51.3,,,,,,,,0.08,,,PNG 343.5-07.8,PK 343-07.1,PC 17,
PN,16 44 23.64,-40 03 19.8,,,,,,,,0.33,,,PNG 343.6+03.7,SuWt 3,
PN,16 57 23.70,-41 37 55.7,,,,,,,,0.08,,,PNG 343.9+00.8,PK 344+00.1,H 1- 5,
PN,16 42 33.37,-38 54 27.3,,,,,,,,,,,PNG 344.2+04.7,PK 344+04.1,Vd 1-1,
PN,17 06 59.52,-42 41 15.3,,,,,,,,0.20,,,PNG 344.2-01.2,PK 344-01.1,H 1- 6,
PN,16 50 33.11,-40 03 00.2,,,,,,,,,,,PNG 344.4+02.8,PK 344+02.1,Vd 1-5,
PN,17 30 03.93,-45 22 49.5,,,,,,,,,,,PNG 344.4-06.1,Wray 16-278,
PN,16 49 32.73,-39 21 10.4,,,,,,,,,,,PNG 344.8+03.4,PK 344+03.1,Vd 1-3,
PN,16 50 25.40,-39 08 18.7,,,,,,,,0.08,,,PNG 345.0+03.4,PK 345+03.1,Vd 1-4,
PN,16 46 45.17,-38 36 57.9,,,,,,,,,,,PNG 345.0+04.3,PK 345+04.1,Vd 1-2,
PN,17 26 11.84,-44 11 29.1,,,,,,,,,,,PNG 345.0-04.9,PK 345-04.1,Cn 1-3,
PN,17 10 27.46,-41 52 48.5,,,,,,,,0.13,,,PNG 345.2-01.2,PK 345-01.1,H 1- 7,
PN,17 45 35.52,-46 05 21.1,,,,,3.800E+03,,,0.15,,,PNG 345.2-08.8,PK 345-08.1,Tc 1,
PN,17 52 47.14,-46 41 53.7,,,,,,,,0.92,,,PNG 345.3-10.2,MeWe 1-11,
PN,17 05 08.93,-40 52 57.0,,,,,1.500E+03,,,0.30,,,IC 4637,PNG 345.4+00.1,PK 345+00.1,
PN,16 09 43.95,-30 54 01.9,,,,,,,,1.18,,,PNG 345.5+15.1,Lo 13,
PN,16 39 28.05,-36 34 21.8,,,,,,,,0.10,,,PNG 345.6+06.7,PK 345+06.1,He 2-175,
PN,16 54 26.95,-38 44 07.9,,,,,,,,0.33,,,PNG 345.9+03.0,PK 345+03.2,Vd 1-6,
PN,17 59 36.48,-46 38 51.9,,,,,,,,0.40,,,PNG 345.9-11.2,ESO 279-14,
PN,16 34 04.19,-35 05 25.7,,,,,,,,,,,PNG 346.0+08.5,PK 346+08.1,He 2-171,
PN,17 45 28.51,-44 54 11.5,,,,,,,,0.22,,,IC 4663,PNG 346.2-08.2,PK 346-08.1,
PN,17 39 20.26,-44 09 38.1,,,,,,,,,,,PNG 346.3-06.8,PK 346-06.1,Fg 2,
PN,16 23 17.23,-31 44 56.8,,,,,,,,1.53,,,PNG 346.9+12.4,PK 346+12.1,K 1- 3,
PN,16 48 53.40,-35 47 12.9,,,,,,,,,,,PNG 347.4+05.8,PK 347+05.1,H 1- 2,
PN,17 04 34.04,-37 53 13.2,,,,,,,,,,,PNG 347.7+02.0,PK 347+01.1,Vd 1-8,
PN,16 48 48.31,-35 00 57.2,,,,,,,,,,,PNG 348.0+06.3,MGP 1,
PN,18 18 31.21,-45 59 03.2,,,,,,,,0.08,,,IC 4699,PNG 348.0-13.8,PK 348-13.1,
PN,17 32 48.24,-40 58 24.3,,,,,,,,,,,PNG 348.4-04.1,PK 348-04.1,H 1-21,
PN,17 56 33.12,-43 03 16.9,,,,,,,,0.05,,,PNG 348.8-09.0,PK 348-09.1,He 2-306,
PN,17 32 20.00,-39 51 20.2,,,,,,,,0.33,,,PNG 349.2-03.5,PK 349-03.1,H 2-14,
PN,17 22 16.00,-38 28 57.6,,,,,,,,0.85,,,NGC 6337,PNG 349.3-01.1,PK 349-01.1,
PN,17 35 39.78,-40 11 59.8,,,,,,,,1.38,,,PNG 349.3-04.2,Lo 16,
PN,17 13 44.20,-37 06 06.2,,,,,,,,0.73,,,C 69,NGC 6302,PNG 349.5+01.0,PK 349+01.1,Bug Nebula,
PN,17 01 06.23,-34 49 39.1,,,,,,,,,,,PNG 349.8+04.4,PK 349+04.1,M 2- 4,
PN,17 36 30.17,-39 22 02.1,,,,,,,,0.30,,,PNG 350.1-03.9,PK 350-03.1,H 1-26,
PN,17 42 53.80,-39 36 28.3,,,,,,,,0.12,,,PNG 350.5-05.0,PK 350-05.1,H 1-28,
PN,17 32 20.38,-37 57 38.1,,,,,,,,,,,PNG 350.8-02.4,PK 350-02.1,H 1-22,
PN,17 04 36.72,-33 59 11.8,,,,,4.600E+03,,,0.08,,,PNG 350.9+04.4,PK 350+04.1,H 2- 1,
PN,18 08 57.85,-41 48 24.6,,,,,,,,2.70,,,PNG 351.0-10.4,HaTr  9,
PN,17 03 46.48,-33 29 52.3,,,,,,,,0.13,,,PNG 351.1+04.8,PK 351+04.1,M 1-19,
PN,17 02 19.07,-33 10 03.8,,,,,,,,0.08,,,PNG 351.2+05.2,PK 351+05.1,M 2- 5,
PN,16 53 37.08,-31 40 35.0,,,,,,,,,,,PNG 351.3+07.6,PK 351+07.1,H 1- 4,
PN,17 50 44.31,-39 17 24.1,,,,,,,,0.13,,,PNG 351.6-06.2,PK 351-06.1,H 1-37,
PN,18 12 52.79,-41 30 26.4,,,,,,,,0.13,,,PNG 351.7-10.9,Wray 16-385,
PN,16 50 16.87,-30 19 54.8,,,,,,,,0.12,,,PNG 351.9+09.0,PK 351+09.1,PC 13,
PN,17 33 00.45,-36 43 53.1,,,,,,,,,,,PNG 351.9-01.9,Wray 16-286,
PN,17 45 07.04,-38 08 48.5,,,,,,,,0.08,,,PNG 352.0-04.6,PK 352-04.1,H 1-30,
PN,17 05 31.02,-32 32 08.9,,,,,,,,0.07,,,PNG 352.1+05.1,PK 352+05.1,M 2- 8,
PN,17 26 23.96,-35 01 45.6,,,,,,,,0.10,,,PNG 352.6+00.1,PK 352+00.1,H 1-12,
PN,17 14 42.83,-33 24 47.8,,,,,,,,0.05,,,PNG 352.6+03.0,PK 352+03.2,H 1- 8,
PN,17 28 27.20,-35 07 42.7,,,,,,,,0.15,,,PNG 352.8-00.2,PK 352-00.1,H 1-13,
PN,16 44 49.00,-28 04 05.3,,,,,,,,0.38,,,PNG 352.9+11.4,K 2-16,
PN,18 00 11.89,-38 49 51.7,,,,,,,,0.03,,,PNG 352.9-07.5,PK 352-07.1,Fg 3,
PN,17 50 44.73,-37 23 53.9,,,,,,,,0.12,,,PNG 353.2-05.2,PK 353-05.1,H 1-38,
PN,17 04 18.29,-30 53 28.8,,,,,,,,0.13,,,PNG 353.3+06.3,PK 353+06.2,M 2- 6,
PN,17 49 48.16,-37 01 27.0,,,,,,,,,,,PNG 353.5-04.9,PK 353-04.1,H 1-36,
PN,17 05 13.90,-30 32 28.0,,,,,,,,0.12,,,PNG 353.7+06.3,PK 353+06.1,M 2- 7,
PN,18 26 41.47,-40 29 51.2,,,,,,,,0.50,,,PNG 353.7-12.8,Wray 16-411,
PN,17 14 06.97,-31 19 42.2,,,,,,,,0.07,,,PNG 354.2+04.3,PK 354+04.1,M 2-10,
PN,18 04 57.24,-37 38 09.8,,,,,,,,0.20,,,PNG 354.4-07.8,PK 354-07.1,H 1-52,
PN,17 18 52.15,-31 39 05.8,,,,,,,,,,,PNG 354.5+03.3,PK 354+03.1,Th 3- 4,
PN,17 19 20.47,-31 12 33.8,,,,,,,,,,,PNG 354.9+03.5,PK 355+03.3,Th 3- 6,
PN,17 24 26.44,-31 43 17.9,,,,,,,,,,,PNG 355.1+02.3,PK 355+02.3,Th 3-11,
PN,17 45 32.22,-34 33 55.8,,,,,,,,,,,PNG 355.1-02.9,PK 355-02.4,H 1-31,
PN,18 02 31.42,-36 38 51.4,,,,,,,,,,,PNG 355.1-06.9,PK 355-06.1,M 3-21,
PN,17 44 14.13,-34 17 28.1,,,,,,,,,,,PNG 355.2-02.5,PK 355-02.2,H 1-29,
PN,17 44 20.42,-34 06 40.6,,,,,,,,0.12,,,PNG 355.4-02.4,PK 355-02.1,M 3-14,
PN,17 51 12.21,-34 55 25.7,,,,,,,,0.15,,,PNG 355.4-04.0,PK 355-04.1,Hf 2-1,
PN,17 46 06.27,-34 03 45.9,,,,,,,,,,,PNG 355.6-02.7,PK 355-02.3,H 1-32,
PN,17 47 49.91,-34 08 00.4,,,,,,,,,,,PNG 355.7-03.0,PK 355-03.1,H 1-33,
PN,17 48 58.32,-34 21 55.4,,,,,,,,,,,PNG 355.7-03.4,PK 355-03.2,H 2-23,
PN,17 49 13.95,-34 22 53.3,,,,,,,,0.03,,,PNG 355.7-03.5,PK 355-03.3,H 1-35,
PN,17 24 40.10,-30 51 52.8,,,,,,,,,,,PNG 355.9+02.7,PK 355+02.2,Th 3-10,
PN,17 21 32.20,-30 20 48.3,,,,,,,,0.12,,,PNG 355.9+03.6,PK 355+03.2,H 1- 9,
PN,17 52 58.93,-34 38 22.9,,,,,,,,,,,PNG 355.9-04.2,PK 355-04.2,M 1-30,
PN,17 25 18.82,-30 40 44.0,,,,,,,,,,,PNG 356.1+02.7,PK 356+02.1,Th 3-13,
PN,17 49 50.72,-34 00 15.6,,,,,,,,0.07,,,PNG 356.1-03.3,PK 356-03.1,H 2-26,
PN,17 54 32.99,-34 22 21.1,,,,,,,,0.03,,,PNG 356.2-04.4,PK 356-04.1,Cn 2-1,
PN,18 02 31.88,-35 13 08.2,,,,,,,,0.15,,,PNG 356.3-06.2,PK 356-06.1,M 3-49,
PN,17 30 58.50,-31 01 07.6,,,,,,,,,,,PNG 356.5+01.5,PK 356+01.2,Th 3-55,
PN,17 17 20.01,-28 59 30.3,,,,,,,,0.28,,,PNG 356.5+05.1,PK 356+05.1,Th 3- 3,
PN,17 46 45.44,-33 08 35.0,,,,,,,,0.08,,,PNG 356.5-02.3,PK 356-02.2,M 1-27,
PN,17 51 50.38,-33 47 36.9,,,,,,,,,,,PNG 356.5-03.6,PK 356-03.2,H 2-27,
PN,17 53 20.63,-33 56 00.3,,,,,,,,,,,PNG 356.5-03.9,PK 356-03.3,H 1-39,
PN,18 09 48.77,-35 44 12.4,,,,,,,,0.20,,,PNG 356.6-07.8,PK 356-07.2,H 1-57,
PN,17 57 19.15,-34 09 49.0,,,,,,,,0.15,,,PNG 356.7-04.8,PK 356-04.2,H 1-41,
PN,18 04 29.44,-34 57 59.7,,,,,,,,0.22,,,PNG 356.7-06.4,PK 356-06.2,H 1-51,
PN,17 25 06.39,-29 45 14.9,,,,,,,,,,,PNG 356.8+03.3,PK 356+03.1,Th 3-12,
PN,18 00 18.57,-34 27 41.9,,,,,,,,0.17,,,PNG 356.8-05.4,PK 356-05.1,H 2-35,
PN,18 27 48.25,-37 16 00.1,,,,,,,,1.73,,,PNG 356.8-11.7,Lo 17,
PN,17 21 04.21,-29 02 59.2,,,,,,,,,,,PNG 356.9+04.4,PK 356+04.2,M 3-38,
PN,17 20 33.24,-29 00 38.5,,,,,,,,0.25,,,PNG 356.9+04.5,PK 356+04.1,M 2-11,
PN,18 02 02.87,-34 27 47.3,,,,,,,,0.10,,,PNG 356.9-05.8,PK 356-05.2,M 2-24,
PN,17 28 50.07,-30 07 52.8,,,,,,,,0.10,,,PNG 357.0+02.4,PK 357+02.5,M 4- 4,
PN,17 30 51.36,-30 17 14.0,,,,,,,,,,,PNG 357.1+01.9,PK 357+02.7,Th 3-24,
PN,17 24 34.45,-29 24 14.2,,,,,,,,0.08,,,PNG 357.1+03.6,PK 357+03.1,M 3- 7,
PN,17 21 37.84,-28 55 13.8,,,,,,,,0.13,,,PNG 357.1+04.4,TeJu 18,
PN,17 58 15.43,-33 47 38.8,,,,,,,,0.03,,,PNG 357.1-04.7,PK 357-04.3,H 1-43,
PN,18 04 04.59,-34 28 31.4,,,,,,,,0.07,,,PNG 357.1-06.1,PK 357-06.1,M 3-50,
PN,17 33 16.96,-30 26 30.5,,,,,,,,,,,PNG 357.2+01.4,Al 2-H,
PN,17 31 07.20,-30 10 36.9,,,,,,,,,,,PNG 357.2+02.0,PK 357+02.6,H 2-13,
PN,17 10 41.79,-27 08 43.9,,,,,,,,0.13,,,PNG 357.2+07.4,PK 357+07.1,M 4- 3,
PN,17 57 25.09,-33 35 42.5,,,,,,,,0.08,,,PNG 357.2-04.5,PK 357-04.1,H 1-42,
PN,17 25 58.82,-29 21 53.1,,,,,,,,0.07,,,PNG 357.3+03.3,PK 357+03.2,M 3-41,
PN,17 23 24.88,-28 59 05.1,,,,,,,,0.07,,,PNG 357.3+04.0,PK 357+04.1,H 2- 7,
PN,17 52 34.37,-32 45 51.6,,,,,,,,0.08,,,PNG 357.4-03.2,PK 357-03.2,M 2-16,
PN,17 53 38.04,-32 58 53.0,,,,,,,,,,,PNG 357.4-03.5,PK 357-03.4,M 2-18,
PN,17 58 32.59,-33 28 36.6,,,,,,,,0.08,,,PNG 357.4-04.6,PK 357-04.2,M 2-22,
PN,17 27 24.24,-29 21 12.9,,,,,,,,0.10,,,PNG 357.5+03.1,PK 357+03.5,Th 3-16,
PN,17 26 59.79,-29 15 31.7,,,,,,,,0.08,,,PNG 357.5+03.2,PK 357+03.4,M 3-42,
PN,17 35 43.58,-30 21 28.9,,,,,,,,0.50,,,PNG 357.6+01.0,TrBr  4,
PN,17 32 46.87,-30 00 14.9,,,,,,,,0.03,,,PNG 357.6+01.7,PK 357+01.1,H 1-23,
PN,17 29 43.19,-29 32 48.9,,,,,,,,,,,PNG 357.6+02.6,PK 357+02.4,H 1-18,
PN,17 53 16.74,-32 40 40.5,,,,,,,,0.07,,,PNG 357.6-03.3,PK 357-03.3,H 2-29,
PN,17 56 13.67,-32 37 33.6,,,,,,,,0.18,,,PNG 357.9-03.8,PK 358-03.2,H 2-30,
PN,18 01 22.30,-33 17 44.2,,,,,,,,0.18,,,PNG 357.9-05.1,PK 357-05.1,M 1-34,
PN,17 30 23.62,-29 09 34.0,,,,,,,,,,,PNG 358.0+02.6,PK 358+02.2,Th 3-23,
PN,17 12 30.12,-26 25 32.8,,,,,,,,0.28,,,PNG 358.0+07.5,TeJu  8,
PN,17 05 46.46,-25 24 01.4,,,,,,,,0.17,,,PNG 358.0+09.3,PK 358+09.1,Th 3- 1,
PN,18 01 42.53,-33 15 17.7,,,,,,,,0.13,,,PNG 358.0-05.1,PK 358-05.1,Pe 1-11,
PN,17 27 32.59,-28 31 10.3,,,,,,,,,,,PNG 358.2+03.5,PK 358+03.2,H 2-10,
PN,17 27 20.50,-28 27 51.1,,,,,,,,0.05,,,PNG 358.2+03.6,PK 358+03.1,M 3-10,
PN,17 24 52.10,-28 05 54.8,,,,,,,,0.08,,,PNG 358.2+04.2,PK 358+04.1,M 3- 8,
PN,17 46 02.85,-31 03 32.0,,,,,,,,0.22,,,PNG 358.2-01.1,PK 358-01.1,Bl D,
PN,17 37 00.54,-29 40 17.3,,,,,,,,,,,PNG 358.3+01.2,PK 358+01.4,Bl B,
PN,17 29 40.88,-28 40 31.0,,,,,,,,,,,PNG 358.3+03.0,PK 358+03.7,H 1-17,
PN,17 51 44.67,-31 36 00.2,,,,,,,,,,,PNG 358.3-02.5,Al 2-O,
PN,19 17 23.11,-39 36 47.1,,,,,,,,0.12,,,IC 1297,PNG 358.3-21.6,PK 358-21.1,
PN,17 28 41.72,-28 27 19.3,,,,,,,,,,,PNG 358.4+03.3,PK 358+03.3,Th 3-19,
PN,17 31 46.86,-28 41 56.9,,,,,,,,0.62,,,PNG 358.5+02.6,HDW  8,
PN,17 30 30.38,-28 35 56.5,,,,,,,,,,,PNG 358.5+02.9,Al 2-F,
PN,17 27 47.00,-28 11 03.2,,,,,,,,,,,PNG 358.5+03.7,Al 2-B,
PN,17 21 11.57,-27 11 27.6,,,,,,,,0.30,,,PNG 358.5+05.4,PK 358+05.1,M 3-39,
PN,17 52 09.62,-31 30 03.4,,,,,,,,0.12,,,PNG 358.5-02.5,PK 358-02.1,M 4- 7,
PN,17 59 02.35,-32 21 44.3,,,,,,,,,,,PNG 358.5-04.2,PK 358-04.1,H 1-46,
PN,18 12 03.12,-33 52 00.5,,,,,7.000E+02,,,0.78,,,NGC 6563,PNG 358.5-07.3,PK 358-07.1,
PN,17 35 13.96,-29 03 11.0,,,,,,,,,,,PNG 358.6+01.8,PK 358+01.1,M 4- 6,
PN,17 12 39.14,-25 43 32.2,,,,,,,,0.07,,,PNG 358.6+07.8,PK 358+07.1,M 3-36,
PN,18 04 55.94,-32 54 03.6,,,,,,,,0.15,,,PNG 358.6-05.5,PK 358-05.4,M 3-51,
PN,17 22 28.24,-27 08 35.1,,,,,,,,,,,PNG 358.7+05.2,PK 358+05.2,M 3-40,
PN,17 53 37.31,-31 25 33.0,,,,,,,,,,,PNG 358.7-02.7,Al 2-R,
PN,18 03 53.60,-32 41 38.1,,,,,,,,,,,PNG 358.7-05.2,PK 358-05.3,H 1-50,
PN,17 31 09.27,-28 15 00.6,,,,,,,,0.10,,,PNG 358.8+03.0,PK 358+03.8,Th 3-26,
PN,17 27 09.43,-27 44 23.9,,,,,,,,,,,PNG 358.8+04.0,PK 358+04.2,Th 3-15,
PN,17 26 54.83,-27 40 41.0,,,,,,,,1.17,,,PNG 358.8+04.1,SaWe 2,
PN,17 42 42.43,-29 51 35.4,,,,,,,,0.20,,,PNG 358.8-00.0,Te 2022,
PN,17 30 43.79,-28 04 05.5,,,,,,,,0.07,,,PNG 358.9+03.2,PK 358+03.6,H 1-20,
PN,17 30 02.86,-27 59 23.4,,,,,,,,,,,PNG 358.9+03.4,PK 358+03.4,H 1-19,
PN,17 45 57.60,-30 12 00.3,,,,,1.833E+03,,,0.07,,,PNG 358.9-00.7,PK 358-00.2,M 1-26,
PN,17 58 11.00,-31 42 57.0,,,,,,,,0.05,,,PNG 358.9-03.7,PK 358-03.1,H 1-44,
PN,17 32 22.49,-28 14 30.3,,,,,,,,,,,PNG 359.0+02.8,Al 2-G,
PN,17 59 56.72,-31 54 34.3,,,,,,,,0.07,,,PNG 359.0-04.1,PK 359-04.1,M 3-48,
PN,18 02 46.72,-32 09 31.0,,,,,,,,0.23,,,PNG 359.0-04.8,PK 359-04.3,M 2-25,
PN,16 48 33.84,-21 00 39.5,,,,,,,,0.57,,,PNG 359.1+15.1,PK 359+15.1,A 40,
PN,17 50 17.94,-30 34 55.4,,,,,,,,0.12,,,PNG 359.1-01.7,PK 359-01.1,M 1-29,
PN,17 52 46.55,-30 49 44.6,,,,,,,,0.13,,,PNG 359.1-02.3,PK 359-02.2,M 3-16,
PN,17 55 06.17,-31 12 22.5,,,,,,,,0.07,,,PNG 359.1-02.9,PK 359-02.4,M 3-46,
PN,17 39 02.87,-28 56 37.4,,,,,,,,0.40,,,PNG 359.2+01.2,19W32,
PN,17 25 44.26,-26 57 48.0,,,,,,,,,,,PNG 359.2+04.7,PK 359+04.1,Th 3-14,
PN,20 19 27.84,-41 31 30.1,,,,,,,,0.13,,,PNG 359.2-33.5,CRBB 1,
PN,17 38 42.11,-28 42 45.9,,,,,,,,,,,PNG 359.3+01.4,PK 359+01.1,Th 3-35,
PN,17 30 14.35,-27 30 20.6,,,,,,,,,,,PNG 359.3+03.6,Al 2-E,
PN,17 47 56.71,-29 59 52.7,,,,,2.000E+03,,,0.25,,,PNG 359.3-00.9,PK 359-00.1,Hb  5,
PN,17 51 18.86,-30 23 53.6,,,,,,,,0.07,,,PNG 359.3-01.8,PK 359-01.2,M 3-44,
PN,17 56 25.96,-31 04 22.7,,,,,,,,,,,PNG 359.3-03.1,PK 359-03.1,M 3-17,
PN,17 35 15.16,-28 07 06.8,,,,,,,,,,,PNG 359.4+02.3,PK 359+02.4,Th 3-32,
PN,17 58 12.67,-31 08 07.9,,,,,,,,0.10,,,PNG 359.4-03.4,PK 359-03.2,H 2-33,
PN,17 34 13.87,-27 56 00.3,,,,,,,,,,,PNG 359.5+02.6,Al 2-K,
PN,17 36 14.22,-28 00 45.6,,,,,,,,,,,PNG 359.6+02.2,Al 2-I,
PN,18 04 06.91,-31 39 13.1,,,,,,,,0.15,,,PNG 359.6-04.8,PK 359-04.4,H 2-36,
PN,17 52 05.39,-30 05 17.6,,,,,,,,0.10,,,PNG 359.7-01.8,PK 359-01.3,M 3-45,
PN,17 55 36.05,-30 33 32.5,,,,,,,,0.05,,,PNG 359.7-02.6,PK 359-02.3,H 1-40,
PN,18 02 52.80,-31 23 57.5,,,,,,,,0.22,,,PNG 359.7-04.4,KFL  3,
PN,17 35 46.58,-27 43 04.6,,,,,,,,0.10,,,PNG 359.8+02.4,PK 359+02.3,Th 3-33,
PN,17 30 46.57,-27 05 56.2,,,,,,,,0.12,,,PNG 359.8+03.7,PK 359+03.2,Th 3-25,
PN,17 25 18.17,-26 12 37.8,,,,,,,,0.13,,,PNG 359.8+05.2,TeJu 19,
PN,17 24 01.42,-25 59 23.3,,,,,,,,,,,PNG 359.8+05.6,PK 359+05.1,M 2-12,
PN,17 19 12.71,-25 17 16.0,,,,,,,,0.17,,,PNG 359.8+06.9,PK 359+06.1,M 3-37,
PN,18 14 50.42,-32 37 09.3,,,,,,,,,,,PNG 359.8-07.2,PK 359-07.1,M 2-32,
PN,17 25 43.36,-26 11 54.0,,,,,,,,0.28,,,PNG 359.9+05.1,PK 359+05.2,M 3- 9,
PN,18 03 52.43,-31 17 45.1,,,,,,,,0.07,,,PNG 359.9-04.5,PK 359-04.2,M 2-27,
PN,18 07 19.30,-31 42 54.1,,,,,,,,0.18,,,PNG 359.9-05.4,KFL  9,
